Bank,State,City,Branch,Address,Pincode,Latitude,Longitude
Cholamandalam,nan,Vadakkencherry,Cholamandalam Investment and Finance Company Limited,"1st Flr, Delma Express Building, Bazar Rd, Bazar, Opp. Cherupushpam Secondary School, Vadakkencherry - 678683",678683,10.5927301,76.4846285
Cholamandalam,nan,Nagpur,Cholamandalam Investment and Finance Company Limited,"No. 2, 3rd Flr, L& T Building, Ambazari Rd, Shivaji Nagar, Opp. Wockhardt Hospital Nagpur - 440015",440015,21.1351915,79.0582555
Cholamandalam,nan,Dudu,Cholamandalam Investment and Finance Company Limited,"No. 5954, 2 & 21, Ground Floor, Highway Road, Near Federal Bank Dudu - 303008",303008,26.6808832,75.2359039
Cholamandalam,nan,Howrah,Cholamandalam Investment and Finance Company Limited,"1st Floor, Commercial Complex, Ankurhati Main Road Howrah - 711302",711302,22.5858109,88.2309879
Cholamandalam,nan,Kolkata,Chola Gold Loan,"1st Floor, Aruna Apartment, Barasat Road, Sodepur, Near Majumder's Workout Kolkata - 700110",700110,22.6957548,88.3959757
Cholamandalam,nan,Mirzapur,Cholamandalam Investment and Finance Company Limited,"No. 87 & 10, 1st Floor, Triveni Campus, Ratanganj Mirzapur - 231001",231001,25.1405105,82.5673034
Cholamandalam,nan,Jaipur,Cholamandalam Investment and Finance Company Limited,"No. D-67, 1st Floor, Adarsh Nagar, Near Ice Factory Jaipur - 302004",302004,26.8990544,75.8326711
Cholamandalam,nan,Lingsugur,Cholamandalam Investment and Finance Company Limited,"1st floor, Raichur Rd, Above Sree Vijayalaxmi TVS Showroom Lingsugur - 584122",584122,16.1545643,76.5315505
Cholamandalam,nan,Rajnandgaon,Cholamandalam Investment and Finance Company Limited,"1st Floor, Great Eastern Rd, Rishabh Tower, Lalbagh, Near LG Electronics Rajnandgaon - 491441",491441,21.0964045,81.0283558
Cholamandalam,nan,Paonta Sahib,Cholamandalam Investment and Finance Company Limited,"No. 108/6, 1st Floor, Herbertpur-Poanta Sahib Rd, Opp. Smart Point Paonta Sahib - 173025",173025,30.4398476,77.6179963
Cholamandalam,nan,Poonamallee,Cholamandalam Investment and Finance Company Limited,"No.41, 1st Floor, Poonamallee High Rd, Velappanchavadi, Near LIC Office Poonamallee - 600077",600077,13.060987,80.1385739
Cholamandalam,nan,Balugaon,Cholamandalam Investment and Finance Company Limited,"1st Floor, Main Road, Singeswar, Near Kalyani Mandap Balugaon - 752030",752030,19.7519804,85.2086129
Cholamandalam,nan,Gaya,Cholamandalam Investment and Finance Company Limited,"4th Floor, GS plaza, Durga Bari, Near East Gate of Zila school Gaya - 823001",823001,24.7903018,85.0076732
Cholamandalam,nan,Bharuch,Cholamandalam Investment and Finance Company Limited,"No.806-809, 8th Floor, Golden Square, Old NH 8, Bholav, Near ABC Circle Bharuch - 392001",392001,21.72273,73.00464
Cholamandalam,nan,Bobbili,Cholamandalam Investment and Finance Company Limited,"No19-98/1, Siripurapu Street, Maharanipeta, Near Indian Bank Bobbili - 535558",535558,18.576392,83.363075
Cholamandalam,nan,Kestopur,Chola Gold Loan,"No, BD-53, Kamal Park Road, Rabindrapally Market Kestopur - 700102",700102,22.6018969,88.4280685
Cholamandalam,nan,Doddaballapura,Cholamandalam Investment and Finance Company Limited,"No. 66/1, 1st Flr, DVV Complex, D Cross Main Rd, Rojipur, Near LIC Office Doddaballapura - 561203",561203,13.3040307,77.5434584
Cholamandalam,nan,Kullu,Cholamandalam Investment and Finance Company Limited,"No. 216 & 11, First Floor, Bhuntar - Ramshila Rd, Gandhi Nagar Kullu - 175101",175101,31.9480775,77.1090174
Cholamandalam,nan,Semalkhedi,Cholamandalam Investment and Finance Company Limited,"1st Floor, Link Road, Above SBI Semalkhedi - 464228",464228,24.100748,77.69704
Cholamandalam,nan,Simdega,Cholamandalam Investment and Finance Company Limited,"1st Flr, Gumla - Ranchi Rd, Baraik, Opp Indian Oil Petrol Pump Simdega - 835223",835223,22.6261845,84.5039533
Cholamandalam,nan,Tadepalligudem,Cholamandalam Investment and Finance Company Limited,"No. 2-12-19, 1st Floor, Kam Nursing Home Complex, Railway Station Rd, Ramarao Peta Tadepalligudem - 534101",534101,16.810722,81.5285939
Cholamandalam,nan,Hosadurga,Cholamandalam Investment and Finance Company Limited,"1st Floor, B T Complex, TH Rd, TB Circle, Vidyanagara, Above Sujatha Medical Hosadurga - 577527",577527,13.7981201,76.2762271
Cholamandalam,nan,Etah,Cholamandalam Investment and Finance Company Limited,"1st Floor, Awagarh - Etah Rd, Shringar Nagar, Near Rashmilok Takies Etah - 207001",207001,27.5601564,78.6534971
Cholamandalam,nan,Habra,Cholamandalam Investment and Finance Company Limited,"1st Floor, Barasat Rd, Bangaon, Above Mahindra Motors Habra - 743235",743235,23.0296754,88.8204792
Cholamandalam,nan,Kanchipuram,Cholamandalam Investment and Finance Company Limited,"No. 42, 1st Floor, Vallal Pachaiyappan Street, Pillaiyarpalayam Kanchipuram - 631501",631501,12.8283077,79.7036116
Cholamandalam,nan,Dhamtari,Cholamandalam Investment and Finance Company Limited,"No. 12, Ground Floor, Kurud Dhamtari - 493663",493663,20.8302568,81.7132502
Cholamandalam,nan,Bongaigaon,Cholamandalam Investment and Finance Company Limited,"1st Floor, Chapaguri Road, Amguri, Above Chevrolet Showroom Bongaigaon - 783380",783380,26.4926595,90.5512357
Cholamandalam,nan,Thittakudi,Cholamandalam Investment and Finance Company Limited,"No. 5, 1st Flr, Sri Kumaravelu Complex, Main Road, Vashittapuram, Near Sanjana Super Market Thittakudi - 606106",606106,11.3999735,79.1280302
Cholamandalam,nan,Coimbatore,Cholamandalam Investment and Finance Company Limited,"No. 268/2, 1st Floor, Mettupalayam Road, Saibaba Koil, Near Chandra Honda Coimbatore - 641043",641043,11.0286069,76.9510213
Cholamandalam,nan,Karimnagar,Cholamandalam Investment and Finance Company Limited (Home Loans),"No. 21, 2nd Floor, City Centre, Karimnagar - Sircilla Rd, Jyothinagar Karimnagar - 505001",505001,18.4386557,79.128878
Cholamandalam,nan,Wadakkanchery,Cholamandalam Investment and Finance Company Limited,"No.128/2, 1st Flr, Emi Naiza Complex, Railway Station Rd, Pullanikkad, Opp. Lic Wadakkanchery - 680623",680623,10.6513283,76.2405223
Cholamandalam,nan,Kumbakonam,Cholamandalam Investment and Finance Company Limited (Home Loans),"No.4, Sannathi St, Valayapettai Agraharam, Near DTDC EXPRESS Kumbakonam - 612001",612001,10.9589509,79.3793419
Cholamandalam,nan,Machilipatnam,Cholamandalam Investment and Finance Company Limited,"No. 15/546 & 15, MIG 70-A, 2nd Floor, Housing Board Colony Machilipatnam - 521001",521001,16.1994961,81.1329325
Cholamandalam,nan,Bokaro Steel City,Cholamandalam Investment and Finance Company Limited,"Ground Floor, HF8, City Center, Sector 4, Near Devi Cinema Bokaro Steel City - 827004",827004,23.6663248,86.1487858
Cholamandalam,nan,Haldia,Cholamandalam Investment and Finance Company Limited,"1st Floor, HPL Link Rd, Durgachak, Opp. Hotel Classic Haldia - 721602",721602,22.0805594,88.1402652
Cholamandalam,nan,Mungeli,Cholamandalam Investment and Finance Company Limited,"Ground Flr, Bilaspur Road, Near LIC office Mungeli - 495334",495334,22.0747727,81.7039367
Cholamandalam,nan,Thiruvalla,Cholamandalam Investment and Finance Company Limited,"No. 61/72-76, 2nd Flr, International shopping mall, TK Road, Opp. St.Thomas Evangelical Church Thiruvalla - 689105",689105,9.3843254,76.5894299
Cholamandalam,nan,Mahasamund,Cholamandalam Investment and Finance Company Limited,"Ground Floor, Old Asian Hwy 46, Basna, Above Shubham Auto Parts Mahasamund - 493554",493554,21.278913,82.824704
Cholamandalam,nan,Sindagi,Cholamandalam Investment and Finance Company Limited,"1st Floor, Sree Bhagyashree Complex, Sindagi Kalaburagi Rd, Golibar Maddi, Opp. Trends Sindagi - 586128",586128,16.9166298,76.230133
Cholamandalam,nan,Saharanpur,Cholamandalam Investment and Finance Company Limited,"2nd Floor, Balaji Tower, Dehli Road, Near Bhagwan Motor Saharanpur - 247001",247001,29.9334423,77.533542
Cholamandalam,nan,Vita,Cholamandalam Investment and Finance Company Limited,"No. 103, 1st Floor, Bapaji Arcade, Vita Mayani Road, Hanmant Bazar Vita - 415311",415311,17.2762267,74.5381604
Cholamandalam,nan,Kollam,Cholamandalam Investment and Finance Company Limited,"2nd floor, Elysium Building, Nr Traffic signal, Kappalandimukku, Polayathod Kollam - 691010",691010,8.8806733,76.6049164
Cholamandalam,nan,Bahraich,Cholamandalam Investment and Finance Company Limited,"No.481, 1st Floor, Civil Lines Rd, Pani Tanki Chauraha, Brahmnipura Bahraich - 271801",271801,27.5655022,81.5963108
Cholamandalam,nan,Omerga,Cholamandalam Investment and Finance Company Limited,"No. 40/10, Ground Floor, Bhimnagar Road Omerga - 413606",413606,17.838801,76.6240377
Cholamandalam,nan,Valanchery,Cholamandalam Investment and Finance Company Limited,"No. 8/144, 2nd Floor, Grand Residency, Calicut Road, Opp. Colours Avenue Valanchery - 676552",676552,10.8903637,76.0701135
Cholamandalam,nan,Pudukkottai,Cholamandalam Investment and Finance Company Limited,"No. 52&54, TS-9952 & 9954, Alangudi Road, Marthandapuram, Behind Shanthi Theatre Pudukkottai - 622001",622001,10.3768216,78.822949
Cholamandalam,nan,Churu,Cholamandalam Investment and Finance Company Limited,"2nd Floor, Naya Bass, Near Town Hall Churu - 331001",331001,28.2895437,74.9619234
Cholamandalam,nan,Bijapur,Cholamandalam Investment and Finance Company Limited,"2nd Flr, Omkar Plaza, Solapur Road, Karnataka Housing Board Colony, Above HDFC Bank Bijapur - 586103",586103,16.8425395,75.7085232
Cholamandalam,nan,Bengaluru,Cholamandalam Investment and Finance Company Limited,"No. 439/450, Ground Floor, 15th cross, Navaratan Gardens, Konanakunte Bengaluru - 560062",560062,12.879042,77.5547905
Cholamandalam,nan,Kasibugga,Cholamandalam Investment and Finance Company Limited,"No.221/7, Kasibugga-tharlakota Rd, Shivaji Nagar, Opp Lic Office Kasibugga - 532222",532222,18.7651431,84.4187852
Cholamandalam,nan,Karjan,Cholamandalam Investment and Finance Company Limited,"No. 1st F-23, Shivam Avenue, SH 160, Juna Bazar, Bodana, Beside Nayara Petrol Bunk Karjan - 391240",391240,22.0491858,73.1286808
Cholamandalam,nan,Sivasagar,Cholamandalam Investment and Finance Company Limited,"1st Floor, Assam Trunk Rd, Beside TVS Sivasagar - 785640",785640,26.9774286,94.631827
Cholamandalam,nan,Kannauj,Cholamandalam Investment and Finance Company Limited,"2nd floor, Asha Complex, Mahatma Gandhi Rd, Ashok Nagar, Near A H Hero Showroom Kannauj - 209725",209725,27.0377924,79.9224197
Cholamandalam,nan,Nandikotkur,Chola Gold Loan,"No. 10-75, Ground Floor, KG Road, Near MRF Tyres Nandikotkur - 518401",518401,15.8557116,78.2689394
Cholamandalam,nan,Banda,Cholamandalam Investment and Finance Company Limited,"No. B-7/C-3, 2nd Floor, Rana Pratap Chowk, Civil Lines, Near LIC Office Banda - 210001",210001,25.4902609,80.3369167
Cholamandalam,nan,Sheopur,Cholamandalam Investment and Finance Company Limited,"1st Floor, Shivpuri Road, Salapura, Above Punjab National Bank Sheopur - 476337",476337,25.6717234,76.7026334
Cholamandalam,nan,Jarahi,Cholamandalam Investment and Finance Company Limited,"1st Floor, Shriramchandra Complex, Bhirha Road, Rosera Jarahi - 848210",848210,25.756452,86.030913
Cholamandalam,nan,Akot,Cholamandalam Investment and Finance Company Limited,"1st Floor, Ramdev Baba Complex, Akola Road, Appaswami Colony, Near Police Quarter Akot - 444101",444101,21.0945801,77.0524761
Cholamandalam,nan,Shahjahanpur,Cholamandalam Investment and Finance Company Limited,"Ground Floor, Farrukhabad Rd, Jalalabad, Near The Fitness Zone Gym Shahjahanpur - 242221",242221,27.7131117,79.6519723
Cholamandalam,nan,Suri,Cholamandalam Investment and Finance Company Limited,"1st Floor, NSB Rd, New Dangal Para, Above Bandhan Bank Suri - 731101",731101,23.8944461,87.525474
Cholamandalam,nan,Bengaluru,Chola Gold Loan,"No. 2305, Ground Floor, Kodigehalli Main Road, Sahakar Nagar, Sanjeevini Nagar Bengaluru - 560092",560092,13.0577571,77.5897854
Cholamandalam,nan,Chandrapur,Cholamandalam Investment and Finance Company Limited,"No.30&31, Star Plaza Rd, Rajavadla, Near Life multispeciality clinic Chandrapur - 363621",363621,22.6023037,70.9596597
Cholamandalam,nan,Arani,Cholamandalam Investment and Finance Company Limited,"No. 1162H/3, 1st Floor, Vellore Main Road, E.B. Nagar, Near Saravana Bhawan Arani - 632316",632316,12.6845153,79.2833694
Cholamandalam,nan,Almora,Cholamandalam Investment and Finance Company Limited,"No. 12, 1st Floor, Verma House, Lower Mall Road, Talla Thapaliya, Near Jalal Band Almora - 263601",263601,29.5989024,79.6541475
Cholamandalam,nan,Gadwal,Chola Gold Loan,"No. 7-10-16, Ground Floor, Rajeev Marg, Nallakunta, Beside Mallikarjuna Enterprises Gadwal - 509125",509125,16.2348519,77.8024565
Cholamandalam,nan,Lalitpur,Cholamandalam Investment and Finance Company Limited,"2nd Floor, Pariwar Complex, Elait Chowk, Subhash Pura Lalitpur - 284403",284403,24.7013456,78.420587
Cholamandalam,nan,Eluru,Cholamandalam Investment and Finance Company Limited,"No.23A-8-10/1, R.R Pet Rd, Powerpet, Above Indian Bank Eluru - 534002",534002,16.7129913,81.101201
Cholamandalam,nan,Khalilabad,Cholamandalam Investment and Finance Company Limited,"1st Floor, Sugar Mill Road, Banjaria Dehat, Opposite Teachers Colony Khalilabad - 272175",272175,26.7767936,83.0538336
Cholamandalam,nan,Jodhpur,Cholamandalam Investment and Finance Company Limited,"No. 17, 1st Floor, KP Tower, Chopasani Road, Baldev Nagar, Near Bombay Motor Circle Jodhpur - 342003",342003,26.2781607,72.9967357
Cholamandalam,nan,Narayanapur,Cholamandalam Investment and Finance Company Limited,"No. 2, 1st Flr, NH 15, Badulahati, Above Tata Motors Narayanapur - 784164",784164,26.9498337,93.8527644
Cholamandalam,nan,Firozpur,Cholamandalam Investment and Finance Company Limited,"No. 17, 2nd Floor, Puda Market, Malwal Road, Dhobi Mohalla, Opposite Janak Hotel Firozpur - 152002",152002,30.9579302,74.611291
Cholamandalam,nan,Aonla,Cholamandalam Investment and Finance Company Limited,"Ground Floor, Ram Nagar Road, Nagaria Satan Aonla - 243301",243301,28.2807669,79.1728231
Cholamandalam,nan,Kolkata,Chola Gold Loan,"No. 39/1B, 1st Floor, NSC Bose Road, Ashok Nagar, Above Lenskart Kolkata - 700040",700040,22.4902044,88.3482208
Cholamandalam,nan,Adoor,Cholamandalam Investment and Finance Company Limited,"1st Floor, Modern Arcade, MC Rd, Kannamkode Adoor - 691523",691523,9.1488243,76.7331127
Cholamandalam,nan,Raigarh,Cholamandalam Investment and Finance Company Limited,"1st Floor, Rahul Complex, Dhimrapur Road, Madhuban Para, Above Axis Bank Raigarh - 496001",496001,21.9082777,83.390342
Cholamandalam,nan,Kotdwar,Cholamandalam Investment and Finance Company Limited,"1st Floor, Shrishti Honda Complex, Devi Rd, Padampur Sukhro, Near Devi Mandir Kotdwar - 246149",246149,29.7437515,78.5075992
Cholamandalam,nan,Ambala,Cholamandalam Investment and Finance Company Limited,"No. 97, 2nd Flr, Model Town Rd, Prem Nagar, Near Vishal Mega Mart Ambala - 133006",133006,30.3674255,76.7874341
Cholamandalam,nan,Vijayawada,Cholamandalam Investment and Finance Company Limited,"No: 7-317, 2nd Floor, Bus Stand Road, Nuzvid Town, Near Kanuri Hub Restaurant Vijayawada - 521201",521201,16.7869752,80.848702
Cholamandalam,nan,Rupnagar,Cholamandalam Investment and Finance Company Limited,"No. 24, 1st Floor, Beant Singh, Aman Nagar Rupnagar - 140001",140001,30.9618901,76.5194084
Cholamandalam,nan,Pune,Cholamandalam Investment and Finance Company Limited,"No.2815, Old Mumbai-Pune Rd, Kamshet, Near Ajay Dhaba Pune - 410405",410405,18.7613662,73.5627094
Cholamandalam,nan,Raisen,Cholamandalam Investment and Finance Company Limited,"1st Floor, Sagar Main Road, Above ICICI Bank Raisen - 464551",464551,23.3299112,77.7882983
Cholamandalam,nan,Mandvi,Cholamandalam Investment and Finance Company Limited,"No. 14-16, 2nd Floor, Dwija Aracde, Layja Road, Vohra Hajira, Opp. HDFC Bank Mandvi - 370465",370465,22.8362405,69.3510957
Cholamandalam,nan,Lakhnadoun,Cholamandalam Investment and Finance Company Limited,"1st Floor, Dhanora Ghansore Rd, Seoni, Near ""G"" Cafe & Lodge Lakhnadoun - 480886",480886,22.6008226,79.6122424
Cholamandalam,nan,Khopoli,Cholamandalam Investment and Finance Company Limited,"3rd Flr, Yashwant Tower, Mumbai - Pune Expy, Laxminagar, Above Gold Cinema Khopoli - 410203",410203,18.7885117,73.340663
Cholamandalam,nan,Gadramunda,Cholamandalam Investment and Finance Company Limited,"No. 1235-2078, 1st Floor, Main Road, New Irrigation Colony, Opp. Khosaleswar Temple Gadramunda - 766107",766107,20.3028905,82.7508159
Cholamandalam,nan,Pandriya,Cholamandalam Investment and Finance Company Limited,"No.10, Main Road, Alipur, Opp Bus Stop Pandriya - 491559",491559,22.2214539,81.4045413
Cholamandalam,nan,Rajapur,Cholamandalam Investment and Finance Company Limited,"No. 3508, 1st Flr, Mumbai - Goa Hwy, Sai Nagar, Near IDBI Bank Rajapur - 416702",416702,16.6617462,73.5243564
Cholamandalam,nan,Nittur,Cholamandalam Investment and Finance Company Limited,"No. 1326/81/1B2, Hosakere-Nittur Rd, Gubbi, Above Tdcc Bank Nittur - 572223",572223,13.3232362,76.8600632
Cholamandalam,nan,Neem Ka Thana,Cholamandalam Investment and Finance Company Limited,"1st Floor, Modi Tower, Sahapur Road, Ambedkar Nagar, Above Rajastan Gramin Bank Neem Ka Thana - 332713",332713,27.7390064,75.7822308
Cholamandalam,nan,Ramanagara,Cholamandalam Investment and Finance Company Limited,"No. 268/318/21, Kanakapura Rd, Kallahalli, Above Mahindra Tractor Showroom Ramanagara - 562117",562117,12.5715884,77.4286308
Cholamandalam,nan,Sivasagar,Cholamandalam Investment and Finance Company Limited,"1st Floor, Jhanji Road, Bhuyan Gaon, Near Tata Motors Sivasagar - 785680",785680,26.8198677,94.5150619
Cholamandalam,nan,Ramanagara,Cholamandalam Investment and Finance Company Limited,"1st Flr, Jaggesh Complex, BM Road, Ijoor, Near SS complex Ramanagara - 562159",562159,12.7280081,77.2745669
Cholamandalam,nan,Khalari,Cholamandalam Investment and Finance Company Limited,"1st Floor, K D Road, Near Hinduguri Chowk Khalari - 829205",829205,23.6530774,85.009791
Cholamandalam,nan,Dhone,Cholamandalam Investment and Finance Company Limited,"No. 8-86-5, 1st Floor, Dhone - Bethamcherla Rd, Kothapeta, Near Sree Sudha Dhone - 518222",518222,15.4006669,77.8750411
Cholamandalam,nan,Jalna,Cholamandalam Investment and Finance Company Limited,"No. 10593, 2nd Floor, Bus Stand Road, Rahman Ganj, Behind Police Complex Jalna - 431203",431203,19.847665,75.8956943
Cholamandalam,nan,Gatesar,Cholamandalam Investment and Finance Company Limited,"1st Floor, Edulabad Main Rd, New Sainagar Colony, Beside To South India Bank Gatesar - 501301",501301,17.4495738,78.6833977
Cholamandalam,nan,Deoghar,Cholamandalam Investment and Finance Company Limited,"3rd Floor, Hotel Deogar Palace, Court Road, Williams Town, Near VIP Chowk Deoghar - 814112",814112,24.4922387,86.686062
Cholamandalam,nan,Rajpur Sonarpur,Chola Gold Loan,"No. 1, 1st Floor, Idol Heights, Deshbandhu Park, Sonarpur, Near HDFC Bank ATM Rajpur Sonarpur - 700150",700150,22.4403341,88.4281975
Cholamandalam,nan,Chillakallu,Cholamandalam Investment and Finance Company Limited,"Siri Complex, 1sr Flr, Jaggaiahpeta Wyra Rd, Opp. Police Station Chillakallu - 521178",521178,16.8940334,80.1391329
Cholamandalam,nan,Hodal,Cholamandalam Investment and Finance Company Limited,"1st Floor, Prince Colony, Kartar Colony Hodal - 121106",121106,27.8921217,77.3800349
