Bank,State,City,Branch,Address,Pincode,Latitude,Longitude
Federal Bank,KERALA,Kollam,ANCHAL,"P B NO. 2, R.O. JUNCTION, ANCHAL",691306.0,,
Federal Bank,PUNJAB,Jalandhar,JALANDHAR,"121-122, New Jawahar Nagar, Jalandhar-144001",144004.0,,
Federal Bank,TELANGANA,MEDCHAL-MALKAJGIRI,Kompally,"The Federal Bank Ltd, 1-115/BK-01,02, Kavi commercial complex, Bank Street, Bollarum Road, KomPally, Medchal, Telangana, Medchal Malkajgiri, Telangana, 500014",500014.0,,
Federal Bank,KERALA,Kasaragod,Kumbala,"891/A1,891/B1,891/C1,891/D1,891/E1, Nandagokula, Badiadka Road, Kumbala P.O, Kasargod ,Kerala, Kasaragod, Kerala, 671321",671321.0,,
Federal Bank,TELANGANA,Nizamabad,NIZAMABAD,"Bld No. 10-3-424, Girirajmal Apartment, Opp. Laxmi Shailaja Fuel Complex, Shivaji Nagar, R R Chowrastha, Nizamabad, Telangana - 503001",503001.0,,
Federal Bank,DELHI,South West Delhi,NEW DELHI / HAUZ KHAS,E-48 Hauz Khas Market New Delhi Delhi 110016,110016.0,,
Federal Bank,TAMILNADU,Salem,Attur,"702/C, KAMARAJAR ROAD, SALEM DT, ATTUR, ABOVE JAISURYA'S SUPERMARKET, ATTUR, SALEM",636102.0,,
Federal Bank,KERALA,Ernakulam,ERNAKULAM / ELAMAKKARA,Bldg No.337-J Perandoor Vayanasala Elamakkara Elamakkara P.O Ernakulam Pin- 682026,,,
Federal Bank,MAHARASHTRA,Kolhapur,KOTHALI,"NANDRE BUILDING, KUPADE GALLI, MAIN ROAD, KOTHALI, KOLHAPUR",416101.0,,
Federal Bank,KERALA,Alappuzha,DEVIKULANGARA,"DEVIKULANGARA, PUTHUPPALLY P O, KAYAMKULAM (VIA), ALAPUZHA, KERALA",690527.0,,
Federal Bank,KERALA,Ernakulam,KAKKANAD / SEAPORT-AIRPORT ROAD,"Plot No 8, Mavelipuram, Seaport Airport Road, Kakkanad, Kochi – 682 030",682030.0,,
Federal Bank,KARNATAKA,Bangalore Rural,BANNERGATTA,"LN Towers, # 53/3, 4, 5, Kemmanaikanahalli, Bannerghatta, Bangalore Urban, Karnataka, Bangalore Urban, Karnataka, 560 083",560083.0,,
Federal Bank,KERALA,Thrissur,CHERUTHURUTHY,Ground Floor Konikkal Complex Chungam Junction Cheruthuruthy 679531,679531.0,,
Federal Bank,WEST BENGAL,Purba Bardhaman,Bardhaman,"74, B C Road Kalitala, Bardhaman Dist West Bengal 713101",,,
Federal Bank,TAMILNADU,Tirunelveli,Vallioor,"Door No. 25/A, Radhapuram Road, Vallioor, Tirunelveli, Tirunelvali, Tamilnadu",627117.0,,
Federal Bank,KERALA,Kollam,VALLIKKAVU,"VALLIKAVU, CLAPPANA P O, KOLLAM, KERALA",690525.0,,
Federal Bank,ANDHRA PRADESH,Krishna,VIJAYAWADA,"D.No:29-7-50, Ramakrishna Towers, Prakasam Road, Suryaraopet, Vijayawada-520002. Andhra Pradesh, India.",520002.0,,
Federal Bank,KARNATAKA,Belgaum,UGAR KHURD,"TALUK - ATHANI, UGAR KHURD",591316.0,,
Federal Bank,KERALA,Kottayam,Thalanad,Nelluvelil Building Thalanad P O Kottayam District Kerala,686580.0,,
Federal Bank,ORISSA,Kalhandi,BHAWANIPATNA,"Jagannath Temple Road Bhawanipatna, Kalahandi Orissa",766001.0,,
Federal Bank,PUNJAB,Ludhiana,KHANNA,"SCO 39-40, Ground Floor Khanna City Centre G.T.Road, Khanna Ludhiana District, Punjab 141401",141401.0,,
Federal Bank,KERALA,Thrissur,MALA,"P K Joseph Galleria, Main Road, Mala - 680 732",680732.0,,
Federal Bank,UTTAR PRADESH,Lucknow,LUCKNOW / VIKAS NAGAR,"C2/78, Vikas Nagar Mama Chouraha Vikas Nagar, Lucknow Uttar Pradesh 226022",226022.0,,
Federal Bank,GUJARAT,Ahmedabad,Mankol,"Survey No. 1964/1/45, Near Karmabhumi Petroleum, Mankol Chokadi Post, Ahmedabad, Gujarat- 382110",,,
Federal Bank,ANDHRA PRADESH,Krishna,Gosala,"D.No 8-149, RS No.33/2,Ground Floor,Raja Gari layout, Kobbari Thota,Gosala, Krishna District ,521151, Andhra Pradesh",521151.0,,
Federal Bank,KERALA,Alappuzha,AMBALAPUZHA,"Sreevalsom Complex East of Kachery Junction Ambalappuzha, Alappuzha-688561",688561.0,,
Federal Bank,TAMILNADU,Coimbotore,POLLACHI,"No. 46/33-4 , Venkatesa Colony , Kabeer Dhasar Street, Pollachi, Tamilnadu - 642001",642002.0,,
Federal Bank,TAMILNADU,Thanjavur,KUMBAKONAM,"The Federal Bank Ltd, D No. 40, Ramasamy Koil Sannadhi Street, Kumbakonam, Thanjavur District, Tamil Nadu, Thanjavur, Tamilnadu, 612001",612001.0,,
Federal Bank,KARNATAKA,Kodagu,KUSHALNAGAR,"The Federal Bank Ltd Kushalnagar Branch HRS Mansion BM Road , Kushalnagar Kodagu - 571234 Karnataka",571234.0,,
Federal Bank,MAHARASHTRA,Mumbai Suburban,Mumbai/ Mahavir Nagar (Kandivili West),"Shop No.2, Ground Floor, Konark Elegance, J-24 Mahavir Nagar CHS Ltd., CTS No. 128/1, Mahavir Nagar, Kandivali West",400067.0,,
Federal Bank,KERALA,Ernakulam,NEDUMBASSERY EXTENSION COUNTER,"CIAL Extension Counter Domestic Arrival, Terminal 1 Cochin International Airport Ltd Nedumbassery",683111.0,,
Federal Bank,BIHAR,Muzaffarpur,Muzaffarpur,"Chakia House, Imlichatti Muzaffarpur PO Muzaffarpur Dist Bihar",,,
Federal Bank,MAHARASHTRA,Mumbai City,MUMBAI / MALAD WEST,"Shop No. 1 & 2, Link House, Chincholi Bunder, Link Road Opposite Ichapurti Hanuman Mandir Malad West, Mumbai 400064",400064.0,,
Federal Bank,KERALA,Idukki,ERATTAYAR,"ERATTAYAR, ERATTAYAR.P.O, KATTAPPANA",685514.0,,
Federal Bank,KARNATAKA,Dakshina Kannada,KADABA,"Ground Floor, Anugraha Complex Main Road, Kadaba Dakshina Kannada District Karnataka",574221.0,,
Federal Bank,PUNJAB,Fatehgarh Saheb,SIRHIND,"Ward No.10, Baba Fateh Singh Nagar, Near Aam Khas, Bagh Road, Fatehgarh Sahib, Sirhind Punjab – 140406",,,
Federal Bank,KERALA,Thrissur,PANNITHADAM,"6/6,A.H. Shopping Point Kunnamkulam - Wadakkanchery Road,Chiramanangad P.O Pannithadom - 680604 Thrissur Dt., Kerala.",680604.0,,
Federal Bank,TAMILNADU,Villupuram,Kilpudupattu,"No.9, ECR Road, Ganapathichettikulam Bus stop, Kilpudupattu, Marakanam Taluk, Villupuram District, Tamil Nadu, VILLUPURAM, Tamilnadu, 605014",605014.0,,
Federal Bank,TAMILNADU,Kancheepuram,CHENGALPATTU,"113A, G.S.T ROAD, OPP. SARADHA LODGE, CHENGALPATTU, KANCHEEPURAM, TAMIL NADU",603001.0,,
Federal Bank,TAMILNADU,Tiruchirappalli,TIRUCHIRAPALLY,"75 E/1 ,SALAI ROAD ,THILLAI NAGAR,OPP TO KANNAPA HOTEL,TIRUCHIRAPPALLY",620018.0,,
Federal Bank,KARNATAKA,Bangalore Rural,CHANNAPATNA,"ANUGRAHA TOWERS, 8TH CROSS, B M ROAD, KUVEMPUNAGAR, CHANNAPATNA, BANGALORE RURAL, KARNATAKA",571501.0,,
Federal Bank,ANDHRA PRADESH,Guntur,Budampadu,"The Federal Bank Ltd D No 165/A4, Budampadu Village Near Ramalayam, Guntur Rural-522017",,,
Federal Bank,TAMILNADU,Vellore,RANIPET,"No.136, SKT Complex, MBT Road, Muthukadai, Ranipet 632401",632401.0,,
Federal Bank,ANDHRA PRADESH,Krishna,Machilipatnam,"10/393-1A, Beside Vani Bakery, Balaramunipet, Srinivas Nagar,Colony, Machilipatnam, Andhra Pradesh, Krishna, Andhra Pradesh, 521001",521001.0,,
Federal Bank,TAMILNADU,Tiruppur,Thonguttipalayam,"Door No 2/3, Peruntholuvu - Alagumalai Main Road, Thonguttipalayam Village, Tiruppur District, Tamil Nadu 641665",641665.0,,
Federal Bank,KERALA,Malappuram,CHEMMAD,"MAJESTIC TOWER, PARAPPANANGADI ROAD, TIRURANGADI P.O, CHEMMAD, MALAPPURAM, KERALA",676306.0,,
Federal Bank,KERALA,Palakkad,KOTTOPPADAM,"Winner Arcade, Melattur- Mannarkkad Road, Palakkad, Kerala, 678583",678583.0,,
Federal Bank,KERALA,Ernakulam,Fintech Partnerships (Jupiter),"Ground Floor, Integated Startup Complex, Kinfra Hitech Park, HMT Colony, Near Kalamassery Medical College, ErnakulamKerala",683503.0,,
Federal Bank,KERALA,Alappuzha,CHEPPAD,"Opposite Christ King Higher Secondary School, National Highway, Cheppad P O, Alappuzha District, Kerala – 690507",690507.0,,
Federal Bank,KARNATAKA,Kolar,Kolar,"Ground Floor, PID 24-1-15-14D, Opp to Kuvempu Park, Antharagange Road, Keelukote Layout, Kolar, Karnataka, Kolar, Karnataka, 563101",563101.0,,
Federal Bank,UTTAR PRADESH,Ghaziabad,Ghaziabad/Vaishali,"Express Greens, Plot No.GH 1/1, Sector 1 , Vaishali,Ghaziabad,Uttar Pradesh",201010.0,,
Federal Bank,KERALA,Pathanamthitta,KONNI,"Roy Mannikkoikkal’s Zion, Mammode, Konni, Kerala- 689691",689691.0,,
Federal Bank,KERALA,Idukki,PUTTADI,"BANK JUNCTION, PUTTADI, VANDANMEDU, IDUKKI, KERALA",685551.0,,
Federal Bank,KERALA,Kasaragod,NILESHWAR,Krishna Arcade Raja Road Nileshwar Kasargode 671 314,671314.0,,
Federal Bank,KERALA,Palakkad,NEMMARA,"LAKSHMI COMPLEX, OPP. TO BUS STAND, NEMMARA P.O, PALAKKAD, KERALA",678508.0,,
Federal Bank,KERALA,Idukki,KATTAPPANA,"HILLSON PLAZA, IDUKKI KAVALA, KATTAPPANA, KERALA",685508.0,,
Federal Bank,MAHARASHTRA,Pune,PUNE BIBVEWADI,"Unit no. 3, Upper ground floor, CRU Mall, S. no. 588/ 2B, Main Gangadham Road, Opp. Gagan Vihar Society",411037.0,,
Federal Bank,GUJARAT,Rajkot,Rajkot/ Ayodhya Chowk,"Shop No.1, GF, The Spire-2 Building, Near Sheetal Park Chowk, 150 feet Ring Road, Rajkot, Gujarat, Rajkot, Gujarat, 360007",360007.0,,
Federal Bank,TELANGANA,Hyderabad,Hyderabad/ Somajiguda,"S No. 2&3, Ground Floor, Shanti Shikara Complex, Somajiguda, Raj Bhavan Road Hyderabad",500082.0,,
Federal Bank,KARNATAKA,Bangalore Rural,Hirandahalli,"Sy. No.81/1, Hirandahalli Main Road, Opp. Aswathakatte, Virgonagar P O,Bangalore,Karnataka",560049.0,,
Federal Bank,BIHAR,Patna,PATNA,"D C House, Jamal Road, Opp Sub Post Office, Patna, Bihar",800001.0,,
Federal Bank,ASSAM,Dibrugarh,DIBRUGARH,"Federal Bank Ltd., Dibrugarh Branch, Near Rajiv Bhawan, Mancotta Road, Dibrugarh 786001",786001.0,,
Federal Bank,KERALA,Kozhikode,KOZHIKODE,"P B NO. 1114, CHEROOTTY ROAD, BEACH ROAD, KOZHIKODE, KERALA",673032.0,,
Federal Bank,KERALA,Ernakulam,UDAYAMPEROOR,"10/16 D, Ist Floor, Brothers Building, Valiakulam, Manakunnam Village, Udayamperoor, Ernakulam Dist.",682307.0,,
Federal Bank,MAHARASHTRA,Kolhapur,Shirati,"H.No. 304, Hasur Road, Shirati,Kolhapur,Maharshtra",416103.0,,
Federal Bank,KERALA,Palakkad,ALATHUR,"A R Mall, Swathi Nagar, Court Road Alathur P O, Palakkad Dist.",678541.0,,
Federal Bank,KERALA,Alappuzha,Carmel Extension Counter,Carmel Poly Technic College Punnapra P O Alappuzha Dist Kerala,688004.0,,
Federal Bank,TAMILNADU,Dindigul,Sivagiripatti (Palani),"Plot No.24,Dindigul Main Road, Sivagiripatti, Palani, Tamil Nadu, Dindigul, Tamilnadu, 624601",624601.0,,
Federal Bank,KERALA,Kasaragod,Cherkala,"Building #466 H, 466 I , 466, Berka Road ,Cherkala, Chengala Post, Kasaragod, Kerala, 671541",671541.0,,
Federal Bank,KERALA,Kozhikode,Kozhikode/ Puthiyara,"Aroosa Plaza, Stadium-Puthiyara Road , Puthiyara,Kozhikode-673004",673004.0,,
Federal Bank,MAHARASHTRA,Nagpur,Nagpur/ Wardha Road,"NKY Towers, Ajani Square, Nagpur, Maharashtra, 440033",440015.0,,
Federal Bank,KERALA,Kollam,PATHANAPURAM,THE FEDERAL BANK LTD. NAZEEM TOWER K.P ROAD PATHANAPURAM-689695 KOLLAM DISTRICT,689695.0,,
Federal Bank,WEST BENGAL,Kolkata,Kolkata/ Shyam Bazar,"59, Bhupen Bose Avenue, Ground Floor, Shyambazar, Kolkata",700004.0,,
Federal Bank,KERALA,Kannur,VALLITHODE,"VALLITHODE, KILIYANTHARA P O",670706.0,,
Federal Bank,ORISSA,Ganjam,BRAHMAPUR,"THE FEDERAL BANK LTD., KAMAS INN BUILDING,TATA BENZ SQUARE, INDIA JANANA HOSPITAL ROAD, BRAHMAPUR, ODISHA, 760005",760005.0,,
Federal Bank,WEST BENGAL,Kolkata,Kolkata/ Jadavpur,"Federal Bank, No 6, Ground Floor, Subodh Chandra Mullick Road, Kolkata, West Bengal, Kolkata, West Bengal,",700032.0,,
Federal Bank,MAHARASHTRA,Satara,SATARA,"MALHAR PLAZA, PLOT NO. 15/3, RADHIKA ROAD, SATARA, MAHARASHTRA",415002.0,,
Federal Bank,TAMILNADU,Vellore,Edayansathu,"No 49 & 50 Arani Main Road, AV Complex, Opp government high school , 632002Edayansathu",632002.0,,
Federal Bank,KERALA,Kannur,KANNUR,"GRAND PLAZA, FORT ROAD, KANNUR",670001.0,,
Federal Bank,UTTAR PRADESH,Kanpur(Nagar),KANPUR,"24/11, THE MALL, POST BOX NO. 484, KANPUR",208001.0,,
Federal Bank,KERALA,Alappuzha,KOLLAKADAVU,Thaivilayil Building Kizhakkemukku Kollakadavu Alapuzha District Kerala 690509,690509.0,,
Federal Bank,KERALA,Pathanamthitta,MANNAMARUTHY,"Makkappuzha PO, Pathanamthitta 689676",689676.0,,
Federal Bank,KERALA,Kottayam,PALLICKATHODU,"The Federal Bank Limited Vellapallil Buildings Pala Road, Pallickathodu Kottayam Dist Kerala - 686503",686503.0,,
Federal Bank,TELANGANA,Hyderabad,Hyderabad/ Karmanghat,"Ground Floor, H. No. 10-4-67/5, Dharmapuri Colony, Karmanghat, Hyderabad, Telangana, Hyderabad, Telangana, 500035",500035.0,,
Federal Bank,KERALA,Kollam,EDAMON,"EDAMON 34 JN, EDAMON P.O, PUNALUR (VIA)",691307.0,,
Federal Bank,TAMILNADU,Villupuram,Chinnanerkunam (Kutteripattu),"275 C, Mailam road, Edapalayam village, Chinnanerkunam, Kooteripattu PO, Tindivanam Taluk, Villupuram, TamilNadu 604302",604302.0,,
Federal Bank,KERALA,Thrissur,CHALAKUDI NORTH,Chakkalamattath Tower CCMK Junction Chalakudy Thrissur 680037,680037.0,,
Federal Bank,KERALA,Pathanamthitta,ATHIKKAYAM,"RANNI-PERUNADU (via), NARANAMMUZHI P O, ATHIKKAYAM",689711.0,,
Federal Bank,TAMILNADU,Coimbotore,SULUR,"Ground Floor, 10, Kalangal Road, Sulur,Coimbatore, Tamil Nadu, Coimbatore, Tamilnadu, 641402",641402.0,,
Federal Bank,HARYANA,Hisar,Hisar,"Ground & Basement Floor, SCO- 155, Red Square Market, Hisar, Haryana, 125001",125001.0,,
Federal Bank,GUJARAT,Surat,KADODARA,FEDERAL BANK LTD. CORPORATE HOUSE NEAR BUS STAND KADODARA DIST SURAT GUJARAT,394327.0,,
Federal Bank,WEST BENGAL,Kolkata,KOLKATA / OVERSEAS,"OVERSEAS BRANCH, 21A, SHAKESPEARE SARANI, 1 ST FLOOR, SHAKESPEARE COURT,,",700017.0,,
Federal Bank,ASSAM,Kamrup,GUWAHATI/PALTAN BAZAR,"Ramanand Tower, G.S.Road, Paltan Bazar, Guwahati Assam 781007",781007.0,,
Federal Bank,KERALA,Alappuzha,MANNAR,"Arikupuram Shopping Centre Parumala, Mannar Pathanamthitta Dist -689 626 Kerala",689622.0,,
Federal Bank,KERALA,Pathanamthitta,POOVATHOOR,"POOVATHOOR, KOIPURAM",689531.0,,
Federal Bank,JHARKHAND,Bokaro,BOKARO STEEL CITY,"N1, 1st Floor, City Centre, Sector 4, Bokaro Steel City, Bokaro, Jharkhand 827004",827004.0,,
Federal Bank,KARNATAKA,Bangalore Rural,CHIKKAJALA,"Sri Byraveshwara Complex, No 82/3, Chikkajala Village Chikkajala Post, KIAL Road, Bangalore North Taluk",562157.0,,
Federal Bank,PUNJAB,Jalandhar,Nakodar,"Vishal Tower Noormahal Road Nakodar, Jalandhar District Punjab",144040.0,,
Federal Bank,KARNATAKA,Bangalore Urban,BANGALORE / JALAHALLI,"17/1, SAVITHRI, S M ROAD, JALAHALLI WEST, BANGALORE, KARNATAKA",560015.0,,
Federal Bank,KERALA,Thrissur,THRISSUR / EAST FORT,"THRISSUR EAST FORT, DOOR NO.8/107/6, GROUND FLOOR, CITY CASTLE, EAST FORT, THRISSUR",680005.0,,
