Bank,State,City,Branch,Address,Pincode,Latitude,Longitude
IKF Finance,Gujarat,AHMEDABAD,AHMEDABAD,"Unit No 315, 316, 317, Sun West Bank, B Block, Vallabh Sadan River Front Road, Ashram Road, Ahmedabad, Gujarat - 380009",380009,,
IKF Finance,Karnataka,MYSORE,MYSORE,"#40 , 1St Floor , 3Rd Stage, D. Devaraj Urs Road , Next To Anjaneya Temple Mysore-570001",570001,,
IKF Finance,Telangana,HYDERABAD,ECIL,"Plot Number 11,  Sriram Nagar Agarwal Super Market,   Radhika Theater Back Side Ecil, Hyderabad   Pin Code -500062",500062,,
IKF Finance,Maharashtra,SATARA,SATARA,"S.No.509/B/1/2, Office No 2, Ground Floor, Generation Building Shaha Complex , Sadar Bazar, Satara 415002",415002,,
IKF Finance,Tamil Nadu,TIRUPPUR,TIRUPPUR,"496/384 B, Kamaraj Rd, Opposite Palladam Main Road, Kattuvalavu, Tirupur",,,
IKF Finance,Andhra Pradesh,MADANAPALLE,MADANAPALLE,"Ikf Finance Ltd, 199, Byepass Road, Chandrakanthi Nagar, Madurai - 625016",625016,,
IKF Finance,Gujarat,JUNAGADH,JUNAGADH,"Indralok Arcade ,1St Floor,Office No-110 & 111 ,Jayshree Cinema Road , Near Talav Darwaja,Junagadh-362001",362001,,
IKF Finance,Maharashtra,AHMEDNAGAR,AHMEDNAGAR,"2nd Floor, Mauli Sankul, Manmad Road, Savedi, Maharashtra, Ahmednagar - 414001",414001,,
IKF Finance,Rajasthan,AJMER,AJMER,"2nd Floor, Krishna Tower, Near Navajeevan Hospital, Adarsh Nagar, Busstand,Ajmer, Rajastan-305001",305001,,
IKF Finance,Rajasthan,JAIPUR,JAIPUR-MSME,"Ikf Finance Limited,  Office No 330, 3Rd Floor, Ganapati Plaza, Mi Road, Jaipur - Rajastan - 302001",302001,,
IKF Finance,Maharashtra,SHRIRAMPUR,SHRIRAMPUR,"Ikf Finance Limited,  1St Floor,  T M Sonar Complex, Kalaram Mandir Road, War No 7, Shrirampur, Ahmednagar, Maharastra - 413709",413709,,
IKF Finance,Telangana,MAHABOOB NAGAR,MAHABOOB NAGAR,"Ikf Finance Limited,H.No. 10-4-10/A & 10-4-10/B/A, Yenugonda, Mahabubnagar, Telangana - 509001",509001,,
IKF Finance,Maharashtra,AURANGABAD,AURANGABAD,"F-7, Opp Atithi Hotel, Rana Nagar, Kuber Avenue Plaza, Jalna Road
Aurangabad- 431001",431001,,
IKF Finance,Tamil Nadu,KARAIKUDI,KARAIKUDI,"No: 3/1026 H, Cmd Tower, Old Housing Board Bustop, Near Kalanivasl, Tirchy Bypass Raod, Sivagangai, Karaikudi - 630001",630001,,
IKF Finance,Karnataka,BANGALORE,K R PURAM,"No 5M, 408/8, K No 309, 1St Floor, East Of Ngef, Vijinapura, Kr Pura, Bangalore 560036.",560036,,
IKF Finance,Andhra Pradesh,ANAKAPALLI,ANAKAPALLI,"H No.  14-21-13/1,  Laxminarayana Nagar, Ring Road , Ring Road Anakapalli – Andhra Pradesh -  531001",531001,,
IKF Finance,Karnataka,GADAG,GADAG,"Ikf Finance Limited, Desai Complex, 1St Floor, Dattatraya Raod, Opp One Number Givt School, Near Old Bsnl Office, Gadag, Karnataka -  582103",582103,,
IKF Finance,Rajasthan,UDAIPUR,UDAIPUR,"43/6, ICON Tower, Near ICICI Bank, Madhuban, Udaipur",,,
IKF Finance,Maharashtra,DHULE,DHULE,"Cts No. 1494, Plot No. A-4, Navjeevan Nagar, Chitod Road, Fashipool Chowk, Dhule - 424001",424001,,
IKF Finance,Madhya Pradesh,RATLAM,RATLAM,"Reliable Trade Centre,Cabin No : 208, 2Nd Floor, Station Road, Above Corporation Bank
Ratlam - 457001.",457001,,
IKF Finance,Maharashtra,PANDHARPUR,PANDHARPUR,"Singan Empire ,2Nd Floor, Nagaland Chowk, Link Road ,Singan Nagar Pandhapur Maharashtra -413304",413304,,
IKF Finance,Rajasthan,BARMER,BARMER,"Opp Thar Hospital Siyag Market,  Shastri Nagar,  Barmer, Rajasthan - 344001",344001,,
IKF Finance,Tamil Nadu,KUMBAKONAM,KUMBAKONAM,"Saravana Towers,Dr Besant Road,2 Nd Floor,Ward No-1,Opp To Vijayalakshmi Theatre,Kumbakonam-6120001",,,
IKF Finance,Gujarat,SURENDRA NAGAR,SURENDRA NAGAR,"245, 2Nd Floor, Mega Mall, Near Milan Cinema, Station Road, Surendranagar -363001",363001,,
IKF Finance,Andhra Pradesh,KADAPA,PRODDATUR,"D No: 7//273, First Floor Holmes Peta, Opp : Bank Of Baroda,Proddatur-516360",516360,,
IKF Finance,Telangana,BANSWADA,BANSWADA,"H.No. 1-1-12/6, Ambedkar Chowrasta, Banswada, Nizamabad (Dist), Telangana-503187",503187,,
IKF Finance,Madhya Pradesh,PACHORE,PACHORE,"First Floor Shop No 8 Shri Faludi Mall Old Ab Road Pachore - Rajgarh, Mp -465683",465683,,
IKF Finance,Andhra Pradesh,VIZIANAGARAM,VIZIANAGARAM,"Plot No.Mig-174/B, 1St Floor,East Part,Babametta Area,Near Raithu Bazar,Vizianagaram,Andhra Pradesh-535002",535002,,
IKF Finance,Tamil Nadu,KANCHEEPURAM,KANCHEEPURAM,"No. 21, S V N Street, Opposite  Tt KSM Super Market, Kancheepuram",,,
IKF Finance,Telangana,HYDERABAD,DILSUKHNAGAR,"13-8-110, Plot No 21, Survey No 248, Goutham Nagar, Dilsuknagar Gaddiannaram, Saroor Nagar, Rr District, Telangana 500060",500060,,
IKF Finance,Odisha,BERHAMPUR,BERHAMPUR,"Ground Floor, Main Road, Gosaninuagam, Near Old Police Station, Brahampur -760003 (Orrisa",760003,,
IKF Finance,Madhya Pradesh,JABALPUR,JABALPUR,"Plot No 75, Ukari Road, Shitalpuri Baldevbag, Jabalpur, Mp-482001",482001,,
IKF Finance,Tamil Nadu,DHARMAPURI,DHARMAPURI,"No 5/1657 - E3, Salem Main Road, Lakkiam Patty, Collector Office Post, Dharmapuri - 636705.",636705,,
IKF Finance,Tamil Nadu,CHENNAI,CHENNAI,"Door No 29, First Floor, Dr Nair Road,  T Nagar, Chennai, Tamilnadu - 600017",600017,,
IKF Finance,Madhya Pradesh,KATNI,KATNI,Behind Gurudwara Gurunanak Ward Murwara Katni - 483501,483501,,
IKF Finance,Gujarat,SURAT,SURAT,"3Rd Floor,Shree Kuberji Complex, Athugar Street, Near Nanpura Post Office, Nanpura, Surat - 395001",395001,,
IKF Finance,Rajasthan,SIKAR,SIKAR,"2Nd Floor Of Building, Main Rani Sati Road, , Near Shastri Nagar Corner, Sikar, Rajasthan - 332001",332001,,
IKF Finance,Madhya Pradesh,ASHTA,ASHTA,"Ikf Finance Limited, H.No. 166, Ward No. 16, Kannod Road, Ashta, Madyha Pradesh - 466116",466116,,
IKF Finance,Madhya Pradesh,MORENA,MORENA,1st Floor Gopal Market NewCourt Road Tiraha Morena – 476001,476001,,
IKF Finance,Gujarat,VADODARA,VADODARA,"IKF Finance Limited, 312 – Atlantis Complex, Sarabhai Road, Genda Circle, Vadodara – 390007",390007,,
IKF Finance,Andhra Pradesh,TIRUPATI,TIRUPATI,"No 19-4-8/10 A, 4Th Floor, Above Biryani Wala, Beside Agarwals Eye Hospital, Lakshmipuram Circle, Tirupati – Ap 517501",517501,,
IKF Finance,Karnataka,HUBLI,HUBLI,"Marvel Artiza, Cts No. 4A/2, First Floor-110,Jayanagara,Vidyanag, Opposite Kims,Hubli-580021",580021,,
IKF Finance,Rajasthan,PHALODI,PHALODI,"Kheteshwar Palace, Near Nagar Palika, Nagaur Road, Phalodi, Jodhpur District, Rajasthan-342301",342301,,
IKF Finance,Maharashtra,WARUD,WARUD,"Shop No 1,1A Khanduja Complex Multai Square In front Of Tehsil Office, Warud, Maharastra - 444906",444906,,
IKF Finance,Telangana,NIZAMABAD,NIZAMABAD,"1-12-52/2, 2Nd Floor, Ramdas Complex, Vinayaka Nagar, Nizamabad, Telangana -503 001",,,
IKF Finance,Tamil Nadu,SALEM,SALEM,"No 6, Second Floor, Raghava Street, Swarnapurai, Hasthampatty, Salem, Tamilnadu - 636 004",,,
IKF Finance,Maharashtra,KOLHAPUR,KOLHAPUR,"Office No. Sh3-4, Ground Floor, Bharat Tower, Ctc No. 894/1A, Shahupuri 5Th Lane, Kolhapur - Mh - 416005",416005,,
IKF Finance,Karnataka,BANGALORE,BANGALORE,"No 64 & 65, 3Rd Floor, Galaxy Chambers, 21St Main Road, Bsk Ll Stage,
Bangalore 560070.",560070,,
IKF Finance,Telangana,SURYAPET,SURYAPET,"Shop No. 1-2-267/2, Near Anjali High School, Suryapet, Telangana - 508213",508213,,
IKF Finance,Rajasthan,JAIPUR,JAIPUR,"F2-A,Jagdamba Tower, Amprapali Circle, Vaishali Nagar, Jaipur-302021",302021,,
IKF Finance,Telangana,BHONGIR,BHONGIR,"D.No. 1-4-291/81, Plot No. 07 & 08, Tata Nagar, Hanumakonda Road, Bhongir, Telangana-508116",508116,,
IKF Finance,Telangana,KHAMMAM,KHAMMAM,"H No: 15-9-1, 2nd Floor, Kaviraj Nagar, Opp Reliance Digital, Beside: Indian Oil Petrol Bank, Khammam-507002",507002,,
IKF Finance,Andhra Pradesh,ELURU,ELURU,"Office No 504,  D.No-238/57, Vasavi Plaza, Eedara Vari Street, Opp Satyabhama Showroom, Rr Peta, Eluru-534002",534002,,
IKF Finance,Telangana,MALLEPALLY,MALLEPALLY,"H.No.5-34/ff110, 1st floor of the complex,Vishnu shopping mall,Konda mallepally(vi &md),Nalgonda(di),Telangana-508243",508243,,
IKF Finance,Karnataka,DAVANAGERE,DAVANAGERE,"Door No. 199/3A, P.J.Extension,3Rd Main, 7Th Cross, Davangere",,,
IKF Finance,Maharashtra,PIMPRI,PIMPRI,"Ikf Finance Limited, 2Nd Floor Gn Shop No 13 Ground Floor Tapasvi Plaza,  Chinchwad  Pimpri, Dist Pune, Mh 411019",411019,,
IKF Finance,Telangana,HYDERABAD,CHANDA NAGAR,"Svl Towers , Office Number 2-57/5/104, 1St Floor Chanda Nagar  Hyderabad - 500050",500050,,
IKF Finance,Maharashtra,SOLAPUR,SOLAPUR,"Haripriya Offices, 267/45, Raviwar Peth, Kuchan High School Road,Opp. Umasa Pathpedi, Solapur Maharashtra- 413005",413005,,
IKF Finance,Tamil Nadu,THENI,THENI,"44 D, White House Road, Theni- 625531",625531,,
IKF Finance,Gujarat,MORBI,MORBI,"2 Nd Floor, Chanakya Puri Complex,  Nr Om Shanthi School, Above Sbi Bank, Chhatralay Road,Morbi, Gujarat-363641",363641,,
IKF Finance,Telangana,KARIMNAGAR,KARIMNAGAR,"H.No. 8-7-297/2/21, Hanuman Nagar, Karimnagar - 505001",505001,,
IKF Finance,Maharashtra,DHARASHIV,DHARASHIV,"Mauli Plaza 1St Floor, Gala No 5&6 Near Central Building,Sambhaji Dharashiv -Maharashtra 413501",413501,,
IKF Finance,Odisha,RAYAGADA,RAYAGADA,"2ND FLOOR, SAIPRIYA NAGAR, 1ST LANE, RAYAGADA, DIST - RAYAGADA, ODISHA-765001",765001,,
IKF Finance,Maharashtra,PUNE,PUNE,"IKF FINANCE LTD, PENTAGON OFFICE NO: 406, 4th FLOOR, BEHIND LOTUS COURT, ABOVE AXIS BANK, PUNE SATARA ROAD, PUNE-411043",411043,,
IKF Finance,Gujarat,BHARUCH,BHARUCH,"Ikf Finance Limited, 10 - Sai Heights, First Floor,  Opp Maruti True Value And Commercial Showroom, Bharuch, Gujarat - 392001",392001,,
IKF Finance,Telangana,MANCHIRYAL,MANCHIRYAL,"H No: 1-1/1-4, S V Complex, Bypass Road, Near Laxmi Theater, Above Mahindra Showroom, Mancheriyal - 504208.",504208,,
IKF Finance,Gujarat,GANDHIDAM,GANDHIDAM,"Office-11,Plot No:16, Sector-9,Ground Floor,Blue Rose Arcade, Opp: Gmcb Banking Circle, Gandhidam-Kutch, Gujarat-370201",370201,,
IKF Finance,Maharashtra,WASHIM,WASHIM,"Shop No 04, Paras Plaza heights,  Above HDFC bank, Risod Road, Washim, MH - 444505",444505,,
IKF Finance,Maharashtra,NASHIK,NASHIK,"No 02, Sharada Niketan, Gsk Avenue,  Tilak Wadi, Sgaranpur Road, Nasik.
Pin Code  -422002.",422002,,
IKF Finance,Tamil Nadu,NAMAKKAL,NAMAKKAL,"Kvn Complex, 6/299, Trichy Main Road, Namakkal - 637001",637001,,
IKF Finance,Andhra Pradesh,TADIPATRI,TADIPATRI,"13/203, 1St Floor, Above Medplus, Cb Road, Tadipatri - 515411",515411,,
IKF Finance,Andhra Pradesh,NANDYAL,NANDYAL,"Shop No 16, Auronodhaya Complex, Srinivas Nagar,Nandyal-518501",518501,,
IKF Finance,Gujarat,PALANPUR,PALANPUR,"D/5,Second Floor, Above Punjab National Bank, Sanskruti Complex, Abu Highway Palanpur-385001",385001,,
IKF Finance,Puducherry,PONDICHERRY,PONDICHERRY,"Portion - C, 100 Feet Road, Sudarajan Nagar, Pondicherry - 605004",605004,,
IKF Finance,Andhra Pradesh,KAKINADA,KAKINADA,"13-1-51, 1St Floor, Opp Hero Honda Show Room, Surya Peta Main Road, Kakinada-533001.",533001,,
IKF Finance,Gujarat,VAPI,VAPI,"C105, M Cube, Business Hub, Nr Bombay Restaurent, Balitha,  Vapi, Gujarat -396191",396191,,
IKF Finance,Maharashtra,UDGIR,UDGIR,"H No. 3-2-1659, Maruti Complex ,Bidar Naka Udgir Udgir, Latur, Maharashtra -413517",413517,,
IKF Finance,Tamil Nadu,ERODE,ERODE,"Ikf Finance Ltd, No.142, Perundurai Road, Erode",,,
IKF Finance,Maharashtra,LATUR,LATUR,"Ikf Finance Limited, 1St Floor , Kiriti Chambernear Water Tank , Above Medplus Barshi Road Latur-Pin 413512",413512,,
IKF Finance,Andhra Pradesh,RAJAHMUNDRY,RAJAHMUNDRY,"D.No 79-1-6 4Th   Floor, Shoubagya Nilayam, Tilak Road Opposite Southern Spice Restaurant, Rajahmundry-Ap - 533103",533103,,
IKF Finance,Rajasthan,ALWAR,ALWAR,"1St Floor Siyaram Tower, 35,Pratap Nagar Tijara Road,  Alwar, Rajasthan-301001",301001,,
IKF Finance,Tamil Nadu,TANJAVUR,TANJAVUR,"1St Floor ,Sri Balaji Complex Medical College Road Opp -Balaji Nagar ,Thanjavur-613007",613007,,
IKF Finance,Andhra Pradesh,ANANTAPUR,ANANTAPUR,"IKF Finance Limited, D No. 6/375, Jojodi Ganga Plaza,Bellary Raod, Azad Nagar,Anantapur - 515001",515001,,
IKF Finance,Tamil Nadu,VELLORE,VELLORE,"No:- 160, 2Nd Floor, Puthukudiyan Sathiram St, Thottapalayam, Vellore - 632004",632004,,
IKF Finance,Maharashtra,BARAMATI,BARAMATI,"Office No 103,First Floor, Shree Plaza, Plot No.2/1,2/2, Ring Road, Ambikanagar,Jalochi,Baramati,Pune-413102",413102,,
IKF Finance,Madhya Pradesh,SATNA,SATNA,"Ikf Finance Limited, Lal Gulab Tower  Above Union Bank, Panna Road Umri, Nh75,   Satna, Madhyapradesh-   485001",485001,,
IKF Finance,Karnataka,PEENYA,PEENYA,"Ikf Finance Ltd, No 24, 1St Floor, Kaidab Road, Chokkasandra, Near Dynamicold Land Aerospace, T.Dasarahalli, Peenya - 560057",560057,,
IKF Finance,Rajasthan,NOKHA,NOKHA,"4/52, Aanand Bhawan, Near Union Bank, Opp- C.O.Office, Bikaner Road,Nokha, Bikaneer, Rajasthan-334803",334803,,
IKF Finance,Gujarat,RAJKOT,RAJKOT,"Viral Heights, 6Th Floor, Office Number-607,  Ayodhya Chowk,  150 Feet Ring Road, Rajkot-Pin-360006",360006,,
IKF Finance,Karnataka,BELLARY,BELLARY,"H.No:22/B Maruthi Complex, Ward No-60,Balaji Rao Road,
Bellary-583101",583101,,
IKF Finance,Tamil Nadu,SIVAKASI,SIVAKASI,"No 42/9, 1St Floor, Parsn Plaza Complex, Chairman Shanmuga Nadar Road, Srivilliputtur Raod, Near Water Tank, Sivakasi - 626123",626123,,
IKF Finance,Tamil Nadu,DINDIGAL,DINDIGAL,"Ikf Finance Ltd, D No: F3 & F4, 1St Floor, Kavin Complex, Kotta Party (Po), Palani, Madurai Bypass Road,  Dindigul - 624002.",624002,,
IKF Finance,Gujarat,MEHSANA,MEHSANA,"Office No F15, First Floor, Sanskrut Shopping Mall, Highway Road, Mehasana- Gujarat - 384002",384002,,
IKF Finance,Gujarat,HIMMATNAGAR,HIMMATNAGAR,"Shop No13-14, Sun Complex, Behind Navjeevan Hotel, Moti Pura  Circle , Himmat Nagar - 383001",383001,,
IKF Finance,Tamil Nadu,TUTICORIN,TUTICORIN,"No 111/11E/11 J , State Bank Colony , Ark Complex , Near Tuticorin City North Zona",,,
IKF Finance,Maharashtra,VASAI,VASAI,"Office No - 502, North Lanes, Vartak College Road, Near Vasai Railway Station, Vasai (W) - 401202",401202,,
IKF Finance,Maharashtra,BHANDARA,BHANDARA,"Ikf Finance Limited, Second Floor, Shivarpan Towers, Rajiv Gandhi Chowk, Bhandara - 441904",441904,,
IKF Finance,Maharashtra,CHAKAN,CHAKAN,"Ikf Finance Limited, 2Nd Floor Gn 1209 Sai Corporate Building Shop No 217 Mutkewadi Pune Nashik Highway Chakan Tal Khed Dist Pune 410504",410504,,
IKF Finance,Karnataka,BELGAUM,BELGAUM,"Mahadev Plaza, C.T.S No. 10719, 3Rd Floor, Kholapur Cross, Nehru Nagar, Belgaum - 590001",590001,,
IKF Finance,Odisha,JEYPORE,JEYPORE,"Purnagada Junction, Near Hero Services Station, Jeypore, Koraput, Odisha - 764001",764001,,
