Bank,State,City,Branch,Address,Pincode,Latitude,Longitude
,MAHARASHTRA,OSMANABAD,LOHARA,"Jana Small Finance Bank Ltd., Shop no 1-3, Ground Floor, Gore Complex ,At post Lohara,Tq-Lohara,Dist-Osmanabad-413608",413608,,
,JHARKHAND,RAMGARH,RAMGARH,"JANA SMALL FINANCE BANK, 1st Floor,BESIDE JAIN PETROL PUMP & ICICI BANK, NEAR THANA CHOWK, RAMGARH CANTT. JHARKHAND-829122",829122,,
,TAMIL NADU,TIRUPPUR,PALLADAM,"Jana Small Finance Bank, 103/B,New Extension Street,Palladam-641664",641664,,
,TAMIL NADU,SALEM,SHIVATHAPURAM,"Jana Small Finance Bank Ltd.,  No. 50/1, 2nd Floor, Nelson Towers, Opp-Windsor Castle Hotel, Rajaji Road, Salem-636007.",636007,,
,WEST BENGAL,PURBA MEDINIPUR,BRAJALAL CHAK,"Jana Small Finance Bank Ltd.,Vill &PO-CHAKDWIPA, PS-BHABANIPUR, DIST-PURBA MEDINIPUR,WB-721645",721645,,
,ODISHA,BALANGIR,LATHOR,"Jana Small Finance Bank Ltd., LATHOR PS-LATHOR,KHAPRAKHOL,BALANGIR,ODISHA-767038",767038,,
,HARYANA,PANIPAT,PANIPAT,"Jana Small Finance Bank Ltd., GF & 1st floors, HUDA, Sector - 12, SCO -06, Near Mother Therasa Market, Panitpat - 132103, Haryana",132103,,
,WEST BENGAL,KOLKATA,SODEPUR,"Jana Small Finance Bank Ltd., Janani Apartment, 27 P.N. Chatterjee Road,Amrabati More, Sodepur, Kolkata - 700110, Land Mark- Beside Kalyan Samity Club",700110,,
,WEST BENGAL,DARJILING,SILIGURI,"Jana Small Finance Bank Ltd., Plot No.3042, Ward No-08, 1st Flr, Tripura Lodge Building, S.F.Road (Above Canara Bank) P.S.Siliguri,Darjiling,West Bengal,734405",734405,,
,CHHATTISGARH,GARIYABAND,KIRWAI,"Jana Small Finance Bank Ltd.,S/o: Mehattar ram Nishad, 55, Sarkada, Fingeshwar, sarkada, Gariyaband, Sorid, Chhattisgarh, 493992",493992,,
,TAMIL NADU,COIMBATORE,RAMNAGAR,"Jana Small Finance Bank Ltd, Ground floor, No. 117, Shasthri Road, Ram Nagar, Coimbatore.",,,
,TAMIL NADU,TIRUCHIRAPALLI,KK NAGAR,"Jana Small Finance Bank Ltd, 1St Floor, Door No.110, Plot No.369 , Vasantham Arcade, Rajaram Salai , K K Nagar -620021,India",620021,,
,UTTAR PRADESH,MAHARAJGANJ,PATRA BAZAR (BASAHIA BUZURG),"Jana Small Finance Bank Ltd., Pipraich road, Patra Bajar, Gorakhpur",,,
,HARYANA,PANCHKULA,PANCHKULA,"Jana Small Finance Bank Ltd., SCO- 22, Sector – 11, Panchkula,  Haryana  134109",134109,,
,ODISHA,GANJAM,DHUMUCHAI,"Jana Small Finance Bank Ltd., Gram Panchayat Office Dhumchai,Po-Dhumchai,Dist -Ganjam, State- Odisha -761140",761140,,
,GUJARAT,KHEDA,NADIAD,"Jana Small Finance Bank, Shop No 101 Gravity complex, Beside AU Small Finance Bank, College Road, Near Canal, Nadiad-387001",387001,,
,TAMIL NADU,CHENNAI,MANDAVELI - R K MUTT ROAD,"Jana Small Finance Bank Ltd, No 179/86 1st floor RK mutt road Mandaveli chennai 600028",600028,,
,MADHYA PRADESH,RATLAM,RATLAM,"Jana Small Finance Bank Ltd, Upper Ground Floor, Ratlam Plaza, Shop No. 16/45, Situated New Road, Ratlam (MP), 457001",457001,,
,UTTAR PRADESH,NOIDA,NOIDA SECTOR-18,"Jana Small Finance Bank Ltd., Ground Floor, Shop No. N-5, Sector 18, Noida, Gautam Buddh Nagar U.P. 201301",201301,,
,ODISHA,KHURDA,NAYAPALLI,"Jana Small Finance Bank Ltd., 1st Floor, Plot No-N1-292,  IRC Village - Nayapalli, Dist-Khurdha, Near Swapneswar Temple, Bhubaneshwar, Odisha 751012",751012,,
,RAJASTHAN,KOTA,KOTA,"Jana Small Finance Bank Ltd, Ground floor, Plot No. 389 , Shopping Centre, Nr. Bata Showrooom, Ghode Wala Baba Circle, Kota -324007 Rajasthan (India)",324007,,
,TAMIL NADU,CHENNAI,VELACHERY,"Jana Small Finance Bank Ltd, Ground floor, Plot No. 354,Gothavari Street, Bharathi Nagar, Tharamani Link Road, Chennai -600113,India",600113,,
,CHHATTISGARH,KORBA,KORBA,"Jana Small Finance Bank , Gaurav Commercial Complex, plot No-17, Beside ICICI Bank, Transport Nagar, Korba Chhattishgarh – 495677",495677,,
,MADHYA PRADESH,UJJAIN,UJJAIN 2,"Jana Small Finance Bank, 1st Floor, #7, Mohan Nagar, Agra Road,Ujjain,Madhya Pradesh,456001",456001,,
,JHARKHAND,PURBI SINGHBHUM,JAMSHEDPUR,"Jana Small Finance Bank Ltd,  Ground Floor, Swamy Building , Bistupur Main Road, Opp Ram Mandir, Next to Hero Showroom ,Jamshedpur -831001,India",831001,,
,ASSAM,KAMRUP METROPOLITAN,"G.S. Road, Dispur","Jana Small Finance Bank Ltd, 1st Floor, Arunodai Path, Christian Basti, G.S Road, Guwahati - 781007 India",781007,,
,GUJARAT,RAJKOT,BHAKTINAGAR,"Jana Small Finance Bank, Shop No. 113 to 116, Lotus Arcade,
Bhaktinagar Station Plot, Opp. Satyavijay Ice cream,
Gondal Road,
Rajkot, PIN - 360002",360002,,
,DELHI,WEST DELHI,UTTAM NAGAR,"Jana Small Finance Bank Ltd., C-3, 1st Floor, Milap Nagar, Uttam Nagar East, New Delhi – 110059, India",110059,,
,JHARKHAND,RANCHI,RANCHI,"Jana Small Finance Bank Ltd , 1st Floor, Office No. 101 & 102, TARA BHAWAN, Misir Gonda Village, Thana Gonda, Kanke Road ,Ranchi, Jharkhand -834008,India",834008,,
,WEST BENGAL,NORTH 24 PARGANAS,BADURIA,"Jana Small Finance Bank, 1st floor, MADINA MARKET BUILDING, Badhuria Chowmata, Near SBI, P.O & P.S Baduria,North 24 Parganas,West Bengal,743401",743401,,
,RAJASTHAN,NAGAUR,MANU,"Jana Small Finance Bank Ltd., DRB Emitra Service,Village & Post - Gugriyali, Near Thakurji Temple ,Jayal, Nagaur341023",,,
,ODISHA,CUTTACK,BADABHUIN,"Jana Small Finance Bank, Badabhuin Gram Panchayat, Po- Narsinghpur, PS/Block- Narsinghpur, Dist- Cuttack-754032",754032,,
,ODISHA,SAMBALPUR,SAMBALPUR,Jana Small Finance Bank Ltd Ground Floor Quality Mansion Nayapada  Golbazzar Sambalpur  768001,768001,,
,TAMIL NADU,CHENNAI,PERAMBUR,"Jana Small Finance Bank, No 24 Kennedy square  3rd street, Pallavan salai ,Perambur Chennai -600011",600011,,
,MADHYA PRADESH,REWA,RAGHUNATH GANJ,"Jana Small Finance Bank Ltd., Gram Tikura Post Raghunathganj Tahsil Mangwan, Mauganj, Rewa, Raghunathganj, Madhya Pradesh, 486338",486338,,
,MAHARASHTRA,THANE,VASHI,"Jana Small Finance Bank Limited, Apsara Building, Shop No. 10,11 & 104, Opp Arenja Corner, Sector 17, Vashi, Navi Mumbai-400703",400703,,
,HARYANA,FARIDABAD,BALLABHGARH,"Jana Small Finance Bank, FCA-57, 1st Floor, Chawla colony, 100ft road, Ballabhgarh, Faridabad 121004",121004,,
,RAJASTHAN,JAIPUR,MANASASAROVAR,"Jana Small Finance Bank Ltd., Plot no.-119/483, madhyam marg, Ward No- 27, Sector-6, Mansarovar, Jaipur, Rajasthan-302020",302020,,
,TAMIL NADU,SALEM,SALEM,"Jana Small Finance Bank Ltd , No.259/4/129 , Seshammal Towers, Saradha College Road, Opp to Anna Salai, Alagapuram, Salem – 636016",636016,,
,KARNATAKA,BANGALORE RURAL,DODDABALLAPUR,"Jana Small Finance Bank Ltd., Ground floor, &1st Floor, Door No. #66 Khata No. 865/66 , Rojipura, D Cross, Near Nandi Hospital,Doddaballapura, Bangalore -561203,India",561203,,
,MAHARASHTRA,THANE,KALYAN,"Jana Small Finance Bank Ltd, No.281, Hissa no. 2, , City Survey no.3434, situated at Bail Bazaar, Near Fortis, Kalyan (W) , Maharastra -421301,India",421301,,
,MAHARASHTRA,YAVATMAL,YAVATMAL,"JANA SMALL FINANCE BANK, GAURAV COMPLEX , GROUND FLOOR , Survery No – 26/2,   situated at Mouja Wadgaon at Arni Road , Nagar Parisad Yavatmal , Tahsil & Dist – Yavatmal , Maharashtra ,  445002.",445002,,
,MADHYA PRADESH,INDORE,SUKHNIWAS,"Jana Small Finance Bank Ltd., GF SANJAY NAGAR HUKAMA KHEDI RETI MANDI CHOURAHA INDORE",,,
,MAHARASHTRA,MUMBAI SUBURBAN,MALAD,"Jana Small Finance Bank Ltd., Shop No. 3, Ground Floor, Lotus Link square, Jai Neptune CHS, Mith Chowky, Link Road, Malad West,Mumbai Suburban,Maharashtra,400064.",400064,,
,MADHYA PRADESH,INDORE,INDORE-5 PITHAMPUR,"Jana Small Finance Bank Ltd., Ground Floor 1,2,7,8, Indrasan, tower, sector-1, Near Police Station Pithampur- 454775 (MP),",454775,,
,GUJARAT,AHMEDABAD,SHAHIBAUG,"Jana Small Finance Bank, 1st Floor, Shop No 115&116 Advance Business Plaza, Near Namaskar Circle, Opp Swami Narayan Temple, Shahibaug, Ahmedabad, PIN - 380004, India",380004,,
,BIHAR,PATNA,PATNA,"Jana Small Finance Bank Ltd , 1st floor, Mothers Building, Opp. Union Bank , Machuatoli,Arya Kumar Road, Patna -800004",800004,,
,DELHI,SOUTH WEST DELHI,VASANT KUNJ,"Jana Small Finance Bank LTD. unit no. G-03, Plot No.A, Sector-B, Ground floor, Vasant Square Mall,Vasant Kunj, New Delhi 110057",110057,,
,MAHARASHTRA,PUNE,DAPODI / KALEWADI 2,"Jana Small Finance Bank Ltd., 1st floor A wing, Ganesh Nagar, ganesh  temple height near vineyard workers church above axis bank first floor Dapodi, Pune -411012",411012,,
,CHHATTISGARH,BALODA BAZAR,AMERA,"Jana Small Finance Bank Ltd., S/o: Bisahat Rajak, 95, Ward no.7, gowardhan chouk, gatapar, gatapar. Baloda Bazar, Datan, Chhattisgarh, 493228",493228,,
,TAMIL NADU,KANCHEEPURAM,MADHURANTHAGAM,"Jana Small Finance Bank, No.1246/2, T.S No.8/2 Block No.25,Achirupakkam Main Road, Ambetkar Statue Opp, Madurathakam,Tamilnadu - 603306",603306,,
,KARNATAKA,HASSAN,HASSAN,"Jana Small Finance Bank .,‘Chandana Complex’ No : 102 Nirdharana No:211 bearing Property No: 8-1-501-66 0f Ward No :8-RC, Harsha Mahal Road, Hassan- 573201, Karnataka",573201,,
,ODISHA,MAYURBHANJ,LABANYDEIPUR,"Jana Small Finance Bank Ltd., At-Labanyadeipur, Po-Katuria,via-Kaptipada Dist-Mayurbhanj, Pin-757079",757079,,
,ODISHA,Dhenkenel,DHENKENEL,"Jana Small Finance Bank Ltd., Near budhi thakurani temple, Jublee Town, Dhenkanal 759001",759001,,
,DELHI,NOIDA,NOIDA SECTOR-45,"Jana Small Finance Bank Ltd. Ground Floor, Shop No. 7D, Plot No.GH- 04/B, Prateek Stylome, Sector-45, Noida-201301, Dist- Gautam Buddha Nagar, UP - 201301.",201301,,
,ASSAM,KAMRUP METROPOLITAN,TATIMARA,"Jana Small Finance Bank Ltd.,Pragjyotishpur, Chandrapur, Kamrup Metro, Assam-781150",781150,,
,KARNATAKA,SHIMOGA,SHIVAMOGGA,"Jana Small Finance Bank Ltd., #880, 2nd floor, SS Complex,B H Road, Shivamogga- 577202",577202,,
,TAMIL NADU,COIMBATORE,POLLACHI,"Jana Small Finance Bank , No.7/1,Venkatramana Round Road, Mahalingapuram, Pollachi 642002",642002,,
,TAMIL NADU,CHENNAI,URAPAKKAM,"Jana Small Finance Bank,No.224/B, GST Road, Urapakkam, Chengalpattu,Chennai,Tamilnadu-603210",603210,,
,RAJASTHAN,BIKANER,DHEERDESAR CHOTIYAN,"Jana Small Finance Bank Ltd., Dhirdesar Chotiyan, Near Kitasar NH- 11, Sri Dungargarh Bikaner (Raj.) 331803",331803,,
,GUJARAT,BANAS KANTHA,PALANPUR,"Jana Small Finance Bank Ltd. S-9 Complex, Ground Floor, G-7 & 8, Opp. Bihari Baug, Abu Road Highway, Palanpur – 385001, District – Banaskantha, State - Gujarat”",385001,,
,Odisha,KALAHANDI,NASIGAON,"Jana Small Finance Bank Ltd., Gram panchayat Office Nasigaon,Po-Pastikudi,Dist-Kalahandi,Pin-766011",766011,,
,RAJASTHAN,ALWAR,ALWAR,"Jana Small Finance Bank Ltd, Ground Floor, Jayanti Mall, Near Ashok Circle (Nangli Cirle), Raghu Marg , Alwar -301001, Rajasthan (India)",301001,,
,BIHAR,GAYA,GAYA,"Jana Small Finance Bank Ltd.,""Gayatri Complex"",Ground & 1st floor, Laheriya Tola, Kotwali Thana, Gaya -823001,India",823001,,
,Odisha,BOLANGIR,PATNAGARH-2,"Jana Small Finance Bank Ltd., At/Po-Brahmapur Chowk, Patnagarh,Dist-Bolangir,ODISHA-767025",767025,,
,KARNATAKA,RAMANAGARA,MARALA BEKUPPE,"Jana Small Finance Bank Ltd., Ground Floor, Maralabekuppe Village , Kanakapura Taluk , Ramanagaram -562117,India",562117,,
,RAJASTHAN,PALI,DHARAMDHARI,"Jana Small Finance Bank Ltd., 3 Main Salawas Road, Near Sangriya Bypass, Jodhpur Sangriya, 342013.",342013,,
,MADHYA PRADESH,BHOPAL,M P NAGAR ZONE 2,"Jana Small Finance Bank Ltd., Ground Floor, Plot No 131/01, M P Nagar Zone II ,  Bhopal -462011,India",462011,,
,CHHATTISGARH,JANJGIR-CHAMPA,CHAMPA,"Jana Small Finance Bank , Ground Floor, Shop No.1,2,3,4,8,9,10,11, ""Didwania Complex"", Near Gaushala, Sadar Road, Champa, Dist Janjgir-Champa,  Chhattisgarh-495671,India",495671,,
,TAMIL NADU,DHARMAPURI,ADAGAPADI,"Jana Small Finance Bank Ltd., Ground Floor, Door No.2/359,Near Seliamman Kovil, Adagapadi bus stop, Adagapadi, Adagapaddi Village , Dharmapuri -636803,India",636803,,
,PUNJAB,BATHINDA,RAMPURA PHUL,"Jana Small Finance Bank, Ground floor Ward number 10 Fareed Nagar, , Rampura, Bathinda-",,,
,MAHARASHTRA,AHMEDNAGAR,AHMEDNAGAR,"Jana Small Finance Bank Ltd, , Shop no 11,12 and 13, Kankariya Plaza, Laltaki, Ahmednagar - 414001",414001,,
,ODISHA,MAYURBHANJ,JASHIPUR,"Jana Small Finance Bank Ltd.,At-jashipur,po--Saroda Jashipur via-Bahalada,  Dist-Mayurbhanj,Pin--757054",757054,,
,DELHI,DELHI,LAJPAT NAGAR-2,"Jana Small Finance Bank Ltd.O-19, Ground Floor, Lajpat Nagar-2, New Delhi-110024",110024,,
,WEST BENGAL,KOLKATA,"DIAMOND HERITAGE, KOLKATA","Jana Small Finance Bank Ltd, Ground floor, DIAMOND HERITAGE, Bearing No. , HG - 01B, Ward No. 45, No. 16, Strand Road, Kolkata -700001,India",700001,,
,ASSAM,KAMRUP METROPOLITAN,"FANCY BAZAR, GUWAHATI","Jana Small Finance Bank Ltd, , 1st Floor, ""DUGAR BUILDING"", T.R.Phukan Road , Fancy bazar PO, Panbazar, Guwahati -781001,India",781001,,
,ODISHA,KENDUJHAR,BAIKALA,"Jana Small Finance Bank Ltd., at-Baikala,po-Baikala,Via-Karanjia,Dist-Mayurbhanja,Pin-758045",758045,,
,MADHYA PRADESH,PANNA,GUNOUR,"Jana Small Finance Bank Ltd., House number 38 Hardwahi, Gram Post Hardwani Tehsil Gunaur, Hardwahi, Hardwahi, Panna, Madhya Pradesh, 488051",488051,,
,TAMIL NADU,CHENNAI,ARUMBAKKAM,"Jana Small Finance Bank Ltd. ,Old No. 67, New No. 36, Razak Garden main road , Arumbakkam ,Chennai - 600106.",600106,,
,MAHARASHTRA,MUMBAI SUBURBAN,CHEMBUR,"Jana Small Finance Bank Ltd., ground floor, Arjun Center, Gala No. 8, , Deonar on Govandi Station Road, Bombay, Kurla Taluka. , Mumbai -400088",400088,,
,WEST BENGAL,KOLKATA,THAKURPUKUR,"Jana Small Finance Bank Ltd, Groud And 1st Floor Riddhi Siddhi Shree , Mahatma Gandhi Road ,  , ,Kolkata ,700063,India",700063,,
,MAHARASHTRA,PUNE,VIMAN NAGAR,"Jana Small Finance Bank Lgd., Shop no 3-6 Ground Floor & Office no 9-10  1st Floor,. Buena Vista, Plot no 58, CTS 32, Lohegaon, vimannagar, Pune, Dist- Pune, Maharashtra - 411014",411014,,
,MADHYA PRADESH,RATLAM,HATPIPLYA,"Jana Small Finance Bank Ltd., Jaora Tal Main Road , opposite Balaji temple, Hatpipliya  teh. tal , dist- Ratlam, Jaora, Madhya Pradesh, PIN - 457118",457118,,
,TAMIL NADU,TIRUCHIRAPALLI,TIRUCHIRAPPALLI,"Jana Small Finance Bank Ltd, Ground Floor, No.74-A New Block No. 21 , Salai Road Thiruchirapalli Taluk , Thiruchirappalli -620018,India",620018,,
,TAMIL NADU,SALEM,OMALUR,"Jana Small Finance Bank Ltd , 482/5, Shri Shanmuga Arcade, Dharmapuri Main Road, Near Krishna Mahal kalyana Mandapam, Omalur-636455.",636455,,
,TAMIL NADU,MADURAI,USILAMPATTI,"Jana Small Finance Bank Ltd., c/o. Mr. Mathizhagan, Door no:8/311, PRC Dippo opposite, Usilampatti, Usilampatti (TK), Madurai(DT) - 625532",625532,,
,UTTAR PRADESH,DEORIA,DEORIA,"Jana Small Finance Bank Ltd., 1st floor, H.No.543, Kotwali Road, Mohalla Bansh, Opp. Govt Inter College, Deoria - 274001",274001,,
,KARNATAKA,MYSORE,MYSORE,"Jana Small Finance Bank Ltd., No. 2391/1, II Floor,Near Railway Under Bridge,New Kantharaja Urs Road, K G Koppal,Mysore – 570009",570009,,
,ODISHA,SONEPUR (SUBARNAPUR),SALEPALI,"Jana Small Finance Bank Ltd., Gram panchayat Office,Samleichuan,Po-Samleichuan,Dist-Sonepur,Pin-767023",767023,,
,UTTAR PRADESH,AYODHYA,AYODHYA,"Jana Small Finance Bank LTD, Ground Floor & First Floor, Property bearing No.-8/2/25, Rekabaganj Faizabad, Ayodhya, Uttar Pradesh tehsil Sadar Distt. Ayodhya 224001",224001,,
,GUJARAT,KACHCHH,BHUJ,"Jana Small Finance Bank Ltd., Ground Floor, Shop No. 1,2 & 3,Turning Point, Opp Lohana Samaj Vadl, Santosh Society, Near V D High School, Bhuj 370001 Kutch, Gujarat",370001,,
,KARNATAKA,BIDAR,BIDAR,"Jana Small Finance Bank, Below Shivshakti Tower, Shivnagar North, Bidar - 585401",585401,,
,TAMIL NADU,THANJAVUR,THANJAVUR,"Jana Small Finance Bank Ltd,Ground Floor,Nrs Kingdom Square,No.2851/16P,Near Ktp Shanmuga Sundaram Complex,Arulanandha Nagar,Thanjavur - 613007,India",613007,,
,TAMIL NADU,CHENNAI,PALLAVARAM,"Jana Small Finance Bank Ltd., No.44,GST Road,Pallavaram, Chennai - 600043",600043,,
,MADHYA PRADESH,GWALIOR,GWALIOR 2/LAXMIGANJ,"Jana Small Finance Bank Ltd, 1st Floor, Shubham Plaza, Above State Bank of India, Near Laxmiganj Mandi, A.B. Road, Lashkar, Gwalior, Madhya Pradesh",,,
,KARNATAKA,BANGALORE URBAN,VIJAYNAGAR,"Jana Samll Finance Bank Ltd., Ground Floor, No. 33 (Old No. 1733/33), 17th Cross, MRCR Layout, Vijayanagar, Bangalore 560040",560040,,
,MADHYA PRADESH,UJJAIN,AMLAWADBIKA,"Jana Small Finance Bank Ltd., Makan No. 82, Asanpura, Kharsodkalan, Ujjain, MP, 456313.",456313,,
,TAMIL NADU,CHENNAI,POONAMALLEE,"Jana Small Finance Bank, No.792,Trunk Road, Poonamallee, Chennai - 600056",600056,,
,ODISHA,JHARSUGUDA,TILIA,"Jana Small Finance Bank Ltd., GP Office Tilia, Lakhanpur Block, Jharsuguda Dist,PIN: 768211",768211,,
,GUJARAT,AHMEDABAD,CHANDKHEDA,"Jana Small Finance Bank., 1st Floor, 101 Sigma Arcade, Above Vijay Sales,New Visat Petrol Pump, Chandkheda,Ahmedabad-382424",382424,,
