Bank,State,City,Branch,Address,Pincode,Latitude,Longitude
MAS Financial,MAHARASHTRA,AMRAVATI,AKOLA,"2ND FLOOR, VASANT SANKUL, RATANLAL PLOT SQUARE AKOLA : 444005",444005,,
MAS Financial,MAHARASHTRA,AMRAVATI,AMRAVATI,ASHADEEP COMPLEX SHOP NO B-14 UPER GROUND FLOOR NAWATHE CHOWK BADNERA ROAD AMRAVATI PIN- 444607,444607,,
MAS Financial,MAHARASHTRA,NASIK,DHULE,"A-53/ 54,1ST FLOOR, GARUD COMPLEX,OPP.KAMLABAI HIGH SCHOOL, NR GARUD MAINDAN COMPLEX, DHULE- 424001",424001,,
MAS Financial,GUJARAT,MEHSANA,PALANPUR,"2ND FLOOR S/11/12/13/14 SHIV PLAZA,AHMEDABAD- PALANPUR HIGHWAY.- 385001",385001,,
MAS Financial,MAHARASHTRA,PUNE,SATARA,SHOP.NO. 42 CTS NO. 523 -ALL P NO 1L+12 SADAR BAZAR VIJAY HTIEGHTS SATARA-KOREGAON ROAD SATARA 415001,415001,,
MAS Financial,GUJARAT,SURAT,SURAT,"C-422, 4TH FLOOR, MONARCH, ADAJAN GAURAV PATH SURAT : 395009",395009,,
MAS Financial,GUJARAT,RAJKOT,SURENDRANAGAR,"SHOP NO - 201-202, 2ND FLOOR, CITY CENTRE, OPP.M.P. SHAH COMMERCE COOLEGE, SURENDRANAGAR - 363002",363002,,
MAS Financial,MAHARASHTRA,THANE,THANE,"OFFICE NO. 203, 2ND FLOOR CHIRAG INFOTACH, KAMGAR HOSPITAL ROAD WAGLE ESTATE THANE (WEST) : 400602",400602,,
MAS Financial,RAJASTHAN,UDAIPUR,UDAIPUR,"3RD FLOOR, VINIMAY COMMERCIAL COMPLEX 16, TORAN BAWRI UDAIPOLE UDAIPUR : 313004",313004,,
MAS Financial,GUJARAT,RAJKOT,UNA,"116, INDRAPRASTH COMPLEX, GIR GADHADA ROAD, UNA",,,
MAS Financial,GUJARAT,SURAT,VAPI,"A/1007,SONORUS,CIRCUIT HOUSE CROSS ROAD,NR STATION ROAD,VAPI  -  396191",396191,,
MAS Financial,GUJARAT,RAJKOT,VERAVAL,"OFFICE NO-7  SADGURU MAIL STONE, OPP:SAGAR RESTAURANT,S.T. ROAD VERAVAL, GUJARAT-362265",362265,,
MAS Financial,MAHARASHTRA,AMRAVATI,YAVATMAL,"H.NO 40/PLOT NO 17,/SURVEY NO 18/1/A,WARD NO 12,BHARTI LAYOUT ,DHARVA ROAD,YAVATMAL",,,
MAS Financial,RAJASTHAN,JODHPUR,PALI,1ST FLOOR MONAL PLAZA 8 PANCHWATI COLONY BAPU NAGAR NR UJJIVAN BANK COLLAGE ROAD PALI-360401,360401,,
MAS Financial,MADHYA PRADESH,INDORE,INDORE SME,"OFFICE NO. 304 3RD FLOOR, PRINCES BUSINESS SKYLINE, BLOCK NO 32 & 33, SCHEME NO. 54, VIJAY NAGAR, INDORE MADHYA PRADESH 452010",452010,,
MAS Financial,GUJARAT,SURAT,SURAT SME,"S/305, MILLIONAIRE BUSINESS PARK, L P SAVANI ROAD, ADAJAN, SURAT (NEW LOCATION) -395009",395009,,
MAS Financial,MAHARASHTRA,PUNE,PUNE SME,"OFFICE NO. 213 , 2ND FLOOR , ZENETH COMPLEX, SHIVAJI NAGAR, K.M. GANDHI PATH, PUNE- 411005",411005,,
MAS Financial,MADHYA PRADESH,BHOPAL,BHOPAL SME,"2ND FLOOR, MANYA ARCADE PLOT NO.30, ZONE 2, MP NAGAR, RAILWAY TRACKE SAID, BHOPAL - MP - 462011",462011,,
MAS Financial,MADHYA PRADESH,SATNA,REWA,"SHOP NO- 2ND FLOOR, SHILPI PLAZA, B BLOCK, NEAR ICICI BANK, AXIS BANK , NEW INDIA INSURANCE, SHRI RAM LIFE INSURANCE, REWA-486001",486001,,
MAS Financial,MADHYA PRADESH,SATNA,KATNI,"1ST FLOOR, KHURANA BLDG, NEHRU WARD, KATNI, MADHYA PRADESH - 483501",483501,,
MAS Financial,MADHYA PRADESH,SAGAR,TIKAMGARH,"R1/144 MAU ROAD, FRIENDS COLONY, NEAR BUS STAND, TIKAMGHAR M.P - 472001",472001,,
MAS Financial,MADHYA PRADESH,SATNA,WAIDHAN,"FIRST FLOOR, VIDYANAGAR, WAIDHAN ROAD, NR TIGER IN HOTEL, WAIDHAN, SINGRAULI, MADHYAPRADESH.",,,
MAS Financial,MADHYA PRADESH,JABALPUR,CHHINDWARA,"AOVETAJ KIRANA ,WARD NO 8, BHADEY COLONY ,LONIYA KARBAL,  BEHIND PETROL PUMP ,CHINDWARA - 480001",480001,,
MAS Financial,MADHYA PRADESH,UJJAIN,MANDSAUR,"1ST FLOOR, RAMNAGAR COLONY, GITA BHAVAN ROAD, MANDSAUR, MADHYA PRADESH- 458001",458001,,
MAS Financial,MADHYA PRADESH,INDORE,SIKAR,"1ST FLOOR KANCHAN MARKET ASHTA BY PASS CHOUPATI ,SHUJALPUR ROAD,  KAJIKHEDI, INDORE-BHOPAL HIGHWAY ASHTA (M.P.) PIN 466116",466116,,
MAS Financial,RAJASTHAN,AJMER,BUNDI,"NEAR NOVAL RICE  MILL,  SILOR ROAD, BUNDI, RAJASTHAN - 323001",323001,,
MAS Financial,RAJASTHAN,JAIPUR,SIKAR,"J. L HEIGHTS, NEAR BALA JI DHARAM KANTA, POONIA WINES, JAIPUR ROAD, SIKAR - 332001",332001,,
MAS Financial,MADHYA PRADESH,INDORE,DHAR,"SAROJ ENCLAVE OFFICE NO 3,35 SILVER HILLS MAIN ROAD DHAR PIN 454001",454001,,
MAS Financial,CHATTISGARH,RAIPUR,RAIPUR-CHHATISGARH,"SHOP NO-302 & 303, THIRD FLOOR, LALGANGA MIDAS COMPLEX, FAFADIH MAIN ROAD, RAIPUR, CHHATTISGARH -492009",492009,,
MAS Financial,RAJASTHAN,JODHPUR,BARMER,"OFFICE 2ND FLOOR, 06/A M SETHIYA COMPLEX, NR. KAILASH INTERNATION HOTEL, RAJASTHAN- 344001",344001,,
MAS Financial,DEHLI,NEW DELHI,NEW DELHI,"FLAT NO-1001,1006, ON THE 10TH FLOOR, AT PADMA TOWER-1, RAJENDRA PLACE, NEW DELHI-110008",110008,,
MAS Financial,GUJARAT,SURAT,MANDVI-SURAT,OFFICE NO. 1007 LAXMI MARKET DIST. SURAT MANDVI-SURAT : 394160,394160,,
MAS Financial,GUJARAT,RAJKOT,MORBI,"OFFICE NO. 118, STAR ARCADE OPP. SKY MALL SHANALA ROAD, DIST. RAJKOT MORBI : 363641",363641,,
MAS Financial,RAJASTHAN,JODHPUR,PHALODI,"GROUND FLOOR, NEAR, MADHU MEDICAL NAGAOUR ROAD, PHALODI-342301",342301,,
MAS Financial,MADHYA PRADESH,UJJAIN,AGAR,"1ST FLOOR, CHETANYA MARG ABOVE IDBI BANK, NR NATURAL AUTOMOBILES OLD INDORE-AHMEDBAD HIGHWAY JHABUA : 457661",457661,,
MAS Financial,MADHYA PRADESH,UJJAIN,SARDARSHAHAR,"F-31, 1ST FLOOR,203 CITY CENTER MALL,CHHAWANI NAKA SQUARE, AGAR-465441",465441,,
MAS Financial,RAJASTHAN,BIKANER,KOTPUTLI,"1ST FLOOR, VEDA COMPLEX, NR,BARODA KSHETRIYA GRAMIN BANK, KACHHA BUS STAND, SARDARSHAHR-331403",331403,,
MAS Financial,RAJASTHAN,JAIPUR,PEENYA BANGLORE,"1ST FLOOR,BMS COMPLEX, BEHIND RELIANCE TRENDS, NEAR AXIS BANK, KOTPUTLI-303108",303108,,
MAS Financial,DEHLI,SURAT,PITHAMPUR,BASHETTIHALLI OPP TO INDIAN OVERSEAS BANK DODDABALAPURA MAIN ROAD BANGALORE 561203,561203,,
MAS Financial,MADHYA PRADESH,INDORE,BALOTRA,"11 & 12 NEW KAKA COMPLEX, MHOW NEEMUCH ROAD,PITHAMPUR,DIST DHAR -454775",454775,,
MAS Financial,RAJASTHAN,JODHPUR,PIPAR CITY,"1 ST FLOOR, GODARA MARKET, ABOVE IDFC BANK, NEAR INDUSIND BANK LTD, JODHPUR ROAD, BALOTARA, RAJASTHAN-344022",344022,,
MAS Financial,RAJASTHAN,JODHPUR,MYSORE,"2ND FLOOR, SATHIN CHOHRA, OPP. BANK OF BARODA, NEW KRISHI MANDI, PIPAR CITY, JODHPUR, RAJASTHAN-342601",342601,,
MAS Financial,KARNATAKA,BANGALORE,SUMERPUR,"SHREE KALABHAIRAVESHWARA COMPLEX NO-2772/1, RAILWAY GATE ROAD, KG KOPPAL, MAYSORE, KARNATAKA-570009",570009,,
MAS Financial,RAJASTHAN,JODHPUR,BHINMAL,"2ND FLOOR, BOTHRA HOUSE, GANDHI MURTI, NEAR CENTRAL BANK, SUMERPUR, RAJASTHAN-306902",306902,,
MAS Financial,GUJARAT,AHMEDABAD,AHMEDABAD SME,"1206- SHILP ZAVERI, AT SHYAMAL CROSS ROAD - 380015",380015,,
MAS Financial,RAJASTHAN,AJMER,KEKRI,"JAIPUR ROAD, KRISHI UPAJ MANDI KE SAMNE , KEKRI , RAJASTHAN-305404",305404,,
MAS Financial,MADHYA PRADESH,UJJAIN,SHUJALPUR,"20 CITY CENTER MALL NEAR GANDHI PARK M G ROAD SHUJALPUR ,  DISTT -SHAJAPUR -MP -PIN – 465333",465333,,
MAS Financial,RAJASTHAN,JODHPUR,POKHRAN,"2ND FLOOR, PHALSOOND CIRCILE, HOTEL AMAR PALACE, POKHRAN- 345021",345021,,
MAS Financial,MADHYA PRADESH,UJJAIN,SHAMGARH,"2ND FLLOR, AMAR COMPLEX ABOVE, AXIS BANK, STATION ROAD, SHAMGARH, MADHYA PRADESH-458883",458883,,
MAS Financial,KARNATAKA,BANGALORE,HOSKOTE-BANGALORE,"3' CROSS ABOVE MAYURA ARTS, OPP. AYYAPPA SWAMI TEMPLE, MV EXTENSION, HOSKOTE, BANGLORE-562114",562114,,
MAS Financial,RAJASTHAN,JODHPUR,BALESAR,"FIRST FLOOR, OPP. BALESAR POLICE THANA, NEW BUS STAND, JAISALMER HIGHWAY, BALESAR, DIST JODHPUR, RAJASTHAN.-342023",342023,,
MAS Financial,RAJASTHAN,JAIPUR,SHAHPURA,"1ST FLOOR, SWAMI BHAVAN, JAIPUR TIRAHA , NEAR LIC OFFICE, SHAHPURA, RAJASTHAN -303103",303103,,
MAS Financial,GUJARAT,VADODARA,DAHOD-CV,"GROUND FLOOR, OFFICE NO-8, INDORE- AHMEDABAD HIGHWAY, SUNRISE ARCADE COMPLEX, OPP. MUVALIYA FARM, DAHOD - 329151",329151,,
MAS Financial,MAHARASHTRA,THANE,THANE SME,"OFFICE NO-207, 2ND FLOOR, AMBICA NAGAR, WAGHLE INDUSTRIAL ESTATE, THANE WEST, THANE , MAHARASHTRA-400604",400604,,
MAS Financial,MADHYA PRADESH,UJJAIN,NAGDA,"SHOP NO- 1ST FLOOR,ABOVE BULE BUDDHA,NR.BOB.MURLIDHAR ROAD,NAGDA-456335",456335,,
MAS Financial,MADHYA PRADESH,INDORE,BADNAGAR,"SANGAM CHOURHA BADNAWAR ROAD – BARNAGAR , DISTT - UJJAIN -MP -PIN -456771",456771,,
MAS Financial,TAMILNADU,TAMILNADU,MADURAI SME,"OFFICE NO -74 ,AB , 3RD FLOOR ADR TOWERS, PP ROAD, KALAVASAL, MADURAI-625016",625016,,
MAS Financial,TAMILNADU,TAMILNADU,SALEM SME,"AT FIRST FLOOR, KANDASWARNA,MEGA MALL, BLOCK-A, SARADHA COLLEGE ROAD,FAIR LANDS, SALEM, TAMILNADU-636016",636016,,
MAS Financial,KARNATAKA,BANGALORE,MANGLORE SME,"12, OBERLE TOWERS, 1ST FLOOR,  OPP.JUICE JUNCTION, BALMATTA MANGALORE-575001",575001,,
MAS Financial,MADHYA PRADESH,INDORE,KHATEGAON,"1ST FLOOR, DANWA PALACE, NEAR PALASH HOTEL, KHATEGAON, MADHYAPRADESH-455336",455336,,
MAS Financial,MADHYA PRADESH,INDORE,SANAWAD,"1ST FLOOR,B/H INGLA HOSPITAL, INDORE-KHANDWA ROAD, SANAWAD-451111",451111,,
MAS Financial,MADHYA PRADESH,INDORE,KUKSHI,"1ST FLOOR, SAWARIYA COMPLEX, SINGHANA ROAD, ABOVE YAMAHA SHOWROOM ,KUKSHI -454331",454331,,
MAS Financial,MAHARASHTRA,THANE,ANDHERI-SME,"3D1, GUNDECHA ONCLAVE, 3RD FLOOR, D- WING, KHERANI ROAD, SAKINAKA, MUMBAI-400072",400072,,
MAS Financial,UTTARAKHAND,NEW DELHI,DEHRADUN SME,"DF-4, D WING, FIRST FLOOR, RAJA ROAD, DEHRADUN-248001",248001,,
MAS Financial,RAJASTHAN,JODHPUR,ABU ROAD,"1ST FLOOR, SHOP NO-242, OPRA CITY COMPLEX, MANPUR REODER ROAD, ABU ROAD, DIST- SHIROHI-307026",307026,,
MAS Financial,TAMILNADU,CHENNAI,CHENNAI SME,"4TH FLOOR, VAIRAM COMPLEX 26RV+44H, SIR THEYAGARAYA ROAD T NAGAR CHENNAI : 600017",600017,,
