Bank,State,City,Branch,Address,Pincode,Latitude,Longitude
SMFG Grihashakti,Gujarat,Ahmedabad,Ahmedabad,"1st Floor Shop No.114, Mangalam Arcade, Opp Odhav Lake, Odhav BRTS Road, Odhav Ahmedabad Gujarat - 382415",382415,23.02438,72.665115
SMFG Grihashakti,Haryana,Hisar,Hisar,"2nd Floor, SCO 149, Red Square Market, Hisar, Haryana - 125001",125001,29.1580697,75.721602
SMFG Grihashakti,Uttar Pradesh,Ayodhya,Ayodhya,"2nd Floor, Plot No.282, Lakshman Das Complex, Deokali Bypass, Ayodhya, Uttar Pradesh - 224001",224001,26.76907167,82.1722516
SMFG Grihashakti,Maharashtra,Amravati,Amravati,"Office No.13 & 20, Second Floor, Busyland Heights, Jawahar Road, Chitra Chowk, Amravati, Maharashtra - 444601",444601,20.931758,77.752137
SMFG Grihashakti,Telangana,Kukatpally,Kukatpally,"Plot 38, 3rd Floor, Sridevi Nialayam, Sardarpatel Nagar, Near JNTU Metro Station, Kukatpally, Telangana - 500072. Medchal-Malkajgiri  Mandal.",500072,17.497719,78.389606
SMFG Grihashakti,Chattisgarh,Durg,Durg,"First Floor, Manohar Plaza, Station Road, Opp.Arjun Dresses, Indira Market, DURG (C.G.) - 491001",491001,21.192804,81.282822
SMFG Grihashakti,Gujarat,Gandhidham,Gandhidham,"1st Floor, Aum Corner, Banking Circle, Gandhidham – 370201",370201,23.0662568,70.13952
SMFG Grihashakti,Maharashtra,Akola,Akola,"3rd Floor, Yamuna Plaza, Plot No.9, Survey No.37, Nazul Plot No.1/9, Nazul Sheet, No.79-80, Murtizapur Road, Akola, Maharashtra – 444001",444001,20.699954,77.013672
SMFG Grihashakti,Rajasthan,Pali,Pali,"1st Floor, 83 Veer Durga Das Nagar, Guru Nanak Marg, Pali, 306401 ( Rajasthan )",306401,25.7737856,73.3340581
SMFG Grihashakti,Tamil Nadu,Chennai,Chennai,"1st Floor, No.141, Yazhini Complex, Burma Colony, 1st Main Road, Perungudi, Tamil Nadu – 600096",600096,12.960592,80.24754
SMFG Grihashakti,Punjab,Barnala,Barnala,"2nd Floor, B- 013/00153, T R Complex, Court Road, Barnala, Punjab - 148101",148101,30.361,75.53365
SMFG Grihashakti,Uttar Pradesh,Ghaziabad,Ghaziabad,"1st Floor, C-53, RDC Building, Ghaziabad, Uttar Pradesh - 201002",201002,28.67608272,77.44288044
SMFG Grihashakti,Maharashtra,Chhatrapati Sambhajinagar,Chhatrapati Sambhajinagar,"C-501, 5th Floor, C Wing, Space Olympia, Sutgirni Chowk, Garkheda, Chhatrapati Sambhajinagar, Maharashtra - 431009",431009,19.858891,75.345136
SMFG Grihashakti,Telangana,Nizamabad,Nizamabad,"First Floor, D No:-5-6-572, Pragathi Nagar, Nizamabad, Telangana - 503001",503001,18.67038,78.10577
SMFG Grihashakti,Karnataka,Bangalore,Bangalore,"NM complex #6 First floor Service Road, Remco Layout, Hampi Nagar, RPC Layout, Adj to Attiguppe Metro Station, Vijayanagar - 560040",560040,12.9618799,77.5339555
SMFG Grihashakti,Chattisgarh,Raigarh,Raigarh,"1st Floor, Patel House, Near Hotel ANSH, Opposite Indusind Bank, Jagatpur, Raigarh, Chhattisgarh – 496001",496001,21.9092,83.389838
SMFG Grihashakti,Madhya Pradesh,Gwalior,Gwalior,"4th Floor, 33 The Empire, City Center, Lashkar, Gwalior, MP 474001",474001,26.206226,78.191376
SMFG Grihashakti,Tamil Nadu,Hosur,Hosur,"2nd Floor, Krishna Tower, Krishnagiri Bypass Road, Hosur Town, Krishnagiri, Hosur, Tamil Nadu - 635109",635109,12.734435,77.832458
SMFG Grihashakti,Punjab,Moga,Moga,"Ground Floor, Khewat No:-30, Near Union Bank, Gandi Road, Moga, Punjab - 142001",142001,30.82150848,75.16354032
SMFG Grihashakti,Madhya Pradesh,Sagar,Sagar,"First Floor, Chourasia Tower, Plot No.463, & 13/1, Gopal Ganj, Ward 55, Adarsh Nagar, Sagar, Madhya Pradesh - 470002",470002,23.833,78.7574
SMFG Grihashakti,Rajasthan,Ajmer,Ajmer,"3rd Floor, 244-A, Above Great Eastern Limited, Circular Road, Anasagar Link Road, Vaishali Nagar, Ajmer - 305001",305001,26.488286,74.629447
SMFG Grihashakti,Tamil Nadu,Dindigul,Dindigul,"1st Floor, Door No-H-68, 80 Feet Road, RM Colony, Main Road Dindigul, Tamil Nadu - 624001",624001,10.375704,77.974985
SMFG Grihashakti,Telangana,Warangal,Warangal,"1st Floor, House No.15-1-237, Shop No.11 & 12, Warangal City Centre, Warangal, Greater Warangal, Telangana - 506002",506002,17.999836,79.584647
SMFG Grihashakti,Gujarat,Jamnagar,Jamnagar,"Soham Compex, Ground Floor, Gurudwara Road, Jamnagar - 361001",361001,22.472425,70.065751
SMFG Grihashakti,Andhra Pradesh,Kurnool,Kurnool,"4th Floor, House No.40/29-X-4F-402, SP Square, Park Road, Kurnool, Andhra Pradesh - 518001",518001,15.829471,78.041223
SMFG Grihashakti,West Bengal,Durgapur,Durgapur,"1st Floor, Plot No.UCP/012, Under Bengal Ambuja City, Centre Faridpur Mamra Durgapur-713216, West Bengal",713216,23.5398,87.3045
SMFG Grihashakti,Madhya Pradesh,Rajgarh,Rajgarh,"4th Floor, Neelu Trade Centre, AB Road, Above Hero Showroom, Biaora, Rajgarh, Madhya Pradesh - 465674",465674,23.926,76.91323
SMFG Grihashakti,Gujarat,Ahmedabad,Ahmedabad,"4th Floor, Satkar Complex, Adjoining Swagat, C.G Road, Ahmedabad, Gujarat - 380006",380006,23.0295415,72.557857
SMFG Grihashakti,Uttar Pradesh,Bareilly,Bareilly,"Plot No.63, 2nd Floor, Sheel Kishan Tower, Chopla Road, Opp Railway Institute, Civil Lines, Bareilly, Uttar Pradesh - 243001",243001,28.353741,79.413529
SMFG Grihashakti,West Bengal,Kolkata,Kolkata,"6th Floor, Anar Chambers, 5 B.N., Sarkar Sarani, Kolkata, West Bengal - 700072",700072,22.56576,88.35353
SMFG Grihashakti,Rajasthan,Bhiwadi,Bhiwadi,"2nd Floor, A-16, Bhagatsingh Commercial Complex, Bhiwadi, Rajasthan - 301019",301019,28.20589,76.808237
SMFG Grihashakti,Madhya Pradesh,Ratlam,Ratlam,"1st Floor, 734,Chhatripul Road, Ratlam, Madhya Pradesh - 457001",457001,23.328149,75.045127
SMFG Grihashakti,Telangana,Hyderabad,Hyderabad,"3rd Floor, Plot No.15 & 28, Srinivasa Chambers, Mansorrabad, LB Nagar, Ring Road, Rangareddy, Hyderabad, Telangana - 500074",500074,17.354043,78.556419
SMFG Grihashakti,Tamil Nadu,Marthamdam,Marthamdam,"1st Floor, Siraj Towers, Keezh Pammam, Kulashekharam Road, Marthandam, Tamil Nadu - 629165",629165,8.306485,77.228116
SMFG Grihashakti,Madhya Pradesh,Pithampur,Pithampur,"Second Floor, Ship Tower, Pithampur Main Road, Near Chhatrachhaya, Near Madicap, Opp Police Chowki, Pithampur, Madhya Pradesh - 454775",454775,22.607709,75.684392
SMFG Grihashakti,Gujarat,Botad,Botad,"2nd Floor, Paikee South Side, Gautam Corner, Above Central Bank of India, Station Road, , Botad, Gujarat - 364710",364710,22.173,71.66643
SMFG Grihashakti,Tamil Nadu,Chennai,Chennai,"3rd Floor, No.3362 – V, AE Block, 10th Main Road, Anna Nagar, Chennai, Tamil Nadu - 600040",600040,22.066963,82.148862
SMFG Grihashakti,Madhya Pradesh,Khandwa,Khandwa,2nd Floor Trade Centre Main Indore Road Padhawa Khandwa Madhya Pradesh 450001,450001,21.825935,76.337117
SMFG Grihashakti,Maharashtra,Ahmednagar,Ahmednagar,Second Floor Mauli Sankul Savedi Road Nagar Manmad Road Near Zopadi Canteen Opp. TVS Showroom Savedi Ahmednagar 414003 Maharashtra,414003,19.114846,74.7306
SMFG Grihashakti,Gujarat,Vapi,Vapi,"First Floor, Shop No.FB/07 & FB/08, B Building, Solitaire Business Centre, Vapi, District - Valsad",,20.368386,72.920059
SMFG Grihashakti,Assam,Dibrugarh,Dibrugarh,"Khemani Building, 1st Floor, Block B, Mancotta Road, Chowkidinghee, Dibrugarh, Assam – 786001",786001,27.472,94.91219
SMFG Grihashakti,Haryana,Faridabad,Faridabad,"2nd Floor, Samadhan Chambers, Neelam Bata Road, NIT, Faridabad - 121007, Haryana",121007,28.388557,77.306084
SMFG Grihashakti,Tamil Nadu,Tiruvannamalai,Tiruvannamalai,"3rd Floor, 1597/1, Annai Sri Mookambika Tower, Vellore Main Road, Nehru Nagar, Tiruvannamalai, Tamil Nadu - 606604",606604,12.257533,79.068521
SMFG Grihashakti,Rajasthan,Bhilwara,Bhilwara,"Third Floor, 303 Govindam Tower, Old RTO Road, Bhilwara, Rajasthan - 311001",311001,25.343519,74.624047
SMFG Grihashakti,Uttar Pradesh,Meerut,Meerut,"Third Floor, 139/141, PNB Building, Mangal Panday Nagar, Meerut, Uttar Pradesh - 250002",250002,28.967152,77.737915
SMFG Grihashakti,Tamil Nadu,Thanjavur,Thanjavur,"First Floor, S.V Towers, Plot No.13, Gandhi Nagar, Thanjavur, Tamil Nadu - 613005",613005,10.746913,79.113393
SMFG Grihashakti,Punjab,Ludhiana,Ludhiana,"SMFG India Home Finance Co. Ltd., SCO 19, 1st Floor, Feroze Gandhi Market, Ludhiana, Punjab - 141001",141001,30.900484,75.833526
SMFG Grihashakti,Haryana,Yamunanagar,Yamunanagar,"SMFG India Home Finance Co. Ltd., 2nd Floor, SCF-37, KD Complex, Opp Madan Gas, Near Masih Hospital and Bus Stand, Yamunanagar, Haryana - 135001",135001,30.137167,77.27717
SMFG Grihashakti,Uttarakhand,Haridwar,Haridwar,"Second Floor, Sant Bhawan, Ranipur Road, Arya Nagar, Jwalpur, Haridwar, Uttarakhand - 249407",249407,29.924696,78.11832
SMFG Grihashakti,Rajasthan,Alwar,Alwar,"2nd Floor, Plot No.4, Suraj Tower Tej Mandir Station Road, Alwar - 301001 , Rajasthan",301001,27.563949,76.617952
SMFG Grihashakti,Uttarakhand,Roorkee,Roorkee,"1st Floor, Anand Complex, 425 Nehru Nagar, Roorkee, Uttarakhand - 247667",247667,29.866793,77.878088
SMFG Grihashakti,Uttar Pradesh,Mathura,Mathura,"Second Floor , Office No 7 B & 7 C Moti Manzil Pocket-C, Radjika Vihar, Phase-2, NH2, Mathura, Uttar Pradesh - 281004",281004,27.493747,77.654898
SMFG Grihashakti,Andhra Pradesh,Rajahmundry,Rajahmundry,"4th Floor, 75-06-26/1, Prakash Nagar, Revenue Ward No.31, Rajahmundry, Andhra Pradesh - 533102",533102,17.006724,81.789964
SMFG Grihashakti,West Bengal,Konnagar,Konnagar,"1st Floor, Dev Villa, 39 G.T Road, Konnagar, Hooghly, West Bengal - 712235",712235,22.701978,88.358644
SMFG Grihashakti,Karnataka,Mysore,Mysore,"1st Floor, No.615,Patel Complex, 4th Stage, New Kantha Raju URS Road , TK Layout, Mysore, Karnataka -570023",570023,12.295698,76.618847
SMFG Grihashakti,Maharashtra,Nashik,Nashik,"G-19,20,21&22, Ground Floor, Suyojit Modern Point, Opp Police Pared Ground Sharanpur Road, Nasik - 422002",422002,20.000629,73.777681
SMFG Grihashakti,Uttar Pradesh,Lucknow,Lucknow,"1st Floor, Shukla Tower, Plot No.B-77, Sector-B, LDA Colony, Kanpur Road, Lucknow, Uttar Pradesh - 226023",226023,26.798002,80.8974064
SMFG Grihashakti,Maharashtra,Panvel,Panvel,"3rd Floor, Arham Developer's, Munoth Empress, Final Plot No.189 Near Ambedkar Statue, Opposite Panvel Bus Stand, Panvel - 410206 State - Maharashtra",410206,18.989758,73.115255
SMFG Grihashakti,Uttar Pradesh,Agra,Agra,"3rd Floor, Vrindavan Tower, Near Prateek Tower, Sanjay Place, Civil Lines, Agra, Uttar Pradesh",,27.1987224,78.0067334
SMFG Grihashakti,Gujarat,Anand,Anand,"First Floor, ""B S Chamber"", Sardar Ganj, Anand,Gujarat – 388001",388001,22.553354,72.95949
SMFG Grihashakti,Uttar Pradesh,Saharanpur,Saharanpur,"1st Floor, Balaji Tower, Khasra No-52,Village Milakwajiuddinpur Pargana Tehsil, Delhi Road, Saharanpur - 247001",247001,29.933539,77.53374
SMFG Grihashakti,Rajasthan,Bikaner,Bikaner,"Third Floor, B Portion, Riddhi Siddhi, Panchshati Circle, Bikaner, Rajasthan - 334001",334001,28.010459,73.333727
SMFG Grihashakti,Rajasthan,Jaipur,Jaipur,"2nd Floor, The Capital Ridge, Plot No.1, Sector 8, Pratap Nagar, Zone 82, Tonk Road, Jaipur, Rajasthan - 303906",303906,26.802219,75.809967
SMFG Grihashakti,Maharashtra,Latur,Latur,"Unit No.24, 1st Floor, Shivkamal Silver Arch, Nandi Stop, Ramnagar, Ausa Road, Latur, Maharashtra - 413531",413531,18.392567,76.562139
SMFG Grihashakti,Haryana,Karnal,Karnal,"1st Floor , Plot No.210, Main Market, Sector -12, Part-1,Urban Estate, Huda , Karnal, Haryana-132001",132001,29.694602,77.000964
SMFG Grihashakti,Uttar Pradesh,Gorakhpur,Gorakhpur,"SCO 19, First Floor, House No.61, Kharaiya Pokhara, Basharatpur, Medical College, Gorakhpur - 273004, Uttar Pradesh",273004,26.7777,83.3838
SMFG Grihashakti,Gujarat,Surat,Surat,"Mezzanine Floor, Office No.2006, 21st Century, Main Darwaza Ring Road, Surat, Gujarat - 395002",395002,21.184519,72.833933
SMFG Grihashakti,Rajasthan,Jhalawar,Jhalawar,"First Floor, Malhotra Agencies, First Floor, (B-3,), Khel Sankul Link Road, Jhalawar, Rajasthan - 326001",326001,24.585,76.16878
SMFG Grihashakti,Maharashtra,Dhule,Dhule,"Offfice No.103, 1st Floor, Kai. Appasaheb R.R Patil Vyapari Sankool, CTS No. 1618+1618A, Lane No.6, Parola Road, Dhule, Maharashtra - 424001",424001,20.902899,74.779097
SMFG Grihashakti,Telangana,Khammam,Khammam,"Second Floor, House No:-10-2-118, Mamillagudem Near BMB Guest House, Khammam, Telangana - 507001",507001,17.253708,80.140854
SMFG Grihashakti,Assam,Guwahati,Guwahati,"Third Floor, Madhab Tower, Amway Building, Above ICICI Bank, G S Road, Rukminigaon, Guwahati, District:- Kamrup, Assam - 781022",781022,26.137,91.80089
SMFG Grihashakti,Andhra Pradesh,Tirupati,Tirupati,"Second Floor Door No-19-18-213 Hathiramji colony, Bairagipatteda, Tirupati, Andhra Pradesh State - 517501",517501,13.620479,79.41794
SMFG Grihashakti,Gujarat,Mehsana,Mehsana,"3rd Floor, T-1, Sigma Oasis, Near Rajkamal Petrol Pump, Mehsana Highway, Mehsana – 384001",384001,23.59816,72.37942
SMFG Grihashakti,Rajasthan,Jodhpur,Jodhpur,"1st Floor, Plot No E-4, E-5, Near Vishnoi Dharamsala, Ratanda, Jodhpur, Rajasthan - 342001",342001,26.2743224,73.0347962
SMFG Grihashakti,Andhra Pradesh,Visakhapatanam,Visakhapatanam,"First Floor, 47-7-34, Puppaalas Elite Dwarakanagar Road, Visakhapatnam, Andhra Pradesh - 530016",530016,17.72801,83.305416
SMFG Grihashakti,Gujarat,Surendranagar,Surendranagar,"Shop 4, 2nd Floor, Rajvir Complex, Nr S T Road, Main Road, Surendranagar - 363001",363001,22.72487,71.644682
SMFG Grihashakti,Rajasthan,Jaipur,Jaipur,"1st & 2nd Floor, Kesar Mall, 115A, Tonk Road, Bapu Nagar, Opposite to Apex Mall, Jaipur - 302015",302015,26.889024,75.80404
SMFG Grihashakti,Tamil Nadu,Sivakasi,Sivakasi,"Ground Floor, 56/14, Chairman Shanmugam Road, Sivakasi, Tamil Nadu - 626123",626123,9.452739,77.79027
SMFG Grihashakti,Punjab,Chandigarh,Chandigarh,"2nd  Floor, SCO No.118-19, Sector 8-C, Madhya Marg, Chandigarh",,30.737514,76.795001
SMFG Grihashakti,Andhra Pradesh,Srikakulam,Srikakulam,"2nd Floor, Magatapalli Sambamurthy Complex, 6-3-24, Upstairs of CSB Bank, Rama Krishna Theatre Road, Srikakulam, Andhra Pradesh - 532001",532001,18.29714,83.895324
SMFG Grihashakti,Rajasthan,Udaipur,Udaipur,"3rd Floor, 301, Shreeji Chamber, 32 Panchwati, Udaipur, Rajasthan - 313001",313001,24.5968756,73.6899765
SMFG Grihashakti,Tamil Nadu,Salem,Salem,"First Floor, No:-296, Omalur Main Road, Angammal Colony, Salem - 636 009, Tamil Nadu",,11.666725,78.143079
SMFG Grihashakti,Andhra Pradesh,Kakinada,Kakinada,"1st Floor, 6-3-22/1, Dantu Vari Street Surya, Rao Peta, Kakinada, East Godavari, Andhra Pradesh – 533001",533001,16.96253,82.23492
SMFG Grihashakti,Tamil Nadu,Tirunelveli,Tirunelveli,"Ground Floor, Building No.124/2A, Trivandrum Road, Palayam Kottai, Tirunelveli, Tamil Nadu - 627002",627002,8.724058,77.73158
SMFG Grihashakti,Maharashtra,Mumbai,Mumbai,"Second Floor, Unit No:-21-22, Kalpatru Square, Kondivita Road, Off. Andheri Kurla Road, Andheri East",,19.112484,72.871632
SMFG Grihashakti,Madhya Pradesh,Hoshangabad,Hoshangabad,"First Floor, Opposite Bank of Baroda, Minakshi Chouraha, Hoshangabad, Madhya Pradesh - 461001",461001,22.75478,77.723053
SMFG Grihashakti,Haryana,Sirsa,Sirsa,"2nd Floor, SBI Bank Building, Opposite LIC Office, Old Hospital Road, Sirsa, Haryana - 125055",125055,29.537054,75.031418
SMFG Grihashakti,Tamil Nadu,Tiruppur,Tiruppur,"2nd Floor, Kovai Departmental Store Complex, 27-A, Gandhi Nagar, Main Road, Anupparpalayam, Tiruppur, Tamil Nadu - 641652",641652,11.14142,77.318326
SMFG Grihashakti,Gujarat,Amreli,Amreli,"231, 2nd Floor, Amreli City Centre, Near Railway Station Road, Amreli, Gujarat - 365601",365601,21.604,71.22291
SMFG Grihashakti,Haryana,Kaithal,Kaithal,"1st Floor, DS-304, Sector -20, Urban Estate, Huda, Kaithal, Haryana – 136027",136027,29.811651,76.41773
SMFG Grihashakti,Tamil Nadu,Nagercoil,Nagercoil,"First Floor, Office 2 Portion, Evans Complex, 14 Palace Road, Nagercoil, Kanniyakumari - 629001, Tamil Nadu",629001,8.184531,77.426447
SMFG Grihashakti,Telangana,Hyderabad,Hyderabad,"Fourth Floor, Brij Tarang, No:-6-3-1192/1-6, Kundan Bagh, Begumpet, Telangana",,17.435474,78.456538
SMFG Grihashakti,Gujarat,Junagadh,Junagadh,"2nd Floor, Balaji Avenue, Nr, Shubham Residency, Motibaug Road, Junagadh - 362001",362001,21.512351,70.452158
SMFG Grihashakti,Gujarat,Vadodara,Vadodara,315 3rd Floor Rajshree Centre Opposite Effotel Hotel Sayajiganj Vadodara Gujarat 390020,390020,22.3082195,73.1872122
SMFG Grihashakti,Telangana,Mahbubnagar,Mahbubnagar,"2nd Floor, Above IIFL, Chandanagar Main Road, Padmathi Colony, Mahbubnagar, Hyderabad Road, Telangana - 509001",509001,16.7536106,78.0210896
SMFG Grihashakti,Maharashtra,Palghar,Palghar,"First Floor, Gala No.115 & 109, Palghar Nagaparishad Property, No.2005187 and 2005188 of Zone B, Dhanani Complex, Near L.G Shop, Above Thane Bharat Sahakari Bank, Kacheri Road, Palghar, Maharashtra - 401404",401404,19.696495,72.769908
SMFG Grihashakti,Maharashtra,Virar,Virar,"1st Floor, Desai House, Above Bank of Baorda, Bhaji Gully, Virar West, Maharashtra - 401303",401303,19.45015,72.80675
SMFG Grihashakti,Maharashtra,Nagpur,Nagpur,2nd Floor Block No223 Shri Ram Shyam Towers Kingsway Sadar Nagpur 440001,440001,21.1564141,79.081079
SMFG Grihashakti,Haryana,Sonipat,Sonipat,"2nd Floor, 23L, Model Town, Near ICICI Bank, Atlas Road, Sonipat, Haryana - 131001",131001,28.986892,77.021031
SMFG Grihashakti,Rajasthan,Nagaur,Nagaur,"1st Floor, J.K Complex, Near Sugan Singh Circle, Sanik Basti, Above Axis Bank, Nagaur, Rajasthan - 341001",341001,27.204127,73.72396
