Bank,State,City,Branch,Address,Pincode,Latitude,Longitude
TVS Credit,Maharashtra,Pune,None,"TVS CREDIT SERVICES LIMITED NO: 12 ND FLOOR, SKY ONE NEAR CLOVER WATER GARDEN KALYANI NAGAR PUNE,Maharashtra-411006 India",411006,18.5434319,73.9040639
TVS Credit,West Bengal,Berhampore,None,"TVS CREDIT SERVICES LIMITED FIRST FLOOR, VILL-RADHIKA NAGAR,P.O-COSSIM BAZAR,  P.S- BERHAMPORE DIST-MURSHIDABAD BERHAMPORE,West Bengal- 742102 India",742102,24.1208,88.2749
TVS Credit,Tamil Nadu,Chennai,None,"TVS CREDIT SERVICES LIMITED GROUND FLOORNO: 47/14(A), DURAISWAMY ROADCHENNAI,Tamil Nadu-600026 India",600026,13.0509259,80.21205440000001
TVS Credit,Rajasthan,Chittorgarh Ucv,None,"TVS CREDIT SERVICES LIMITED Plot No. D, At New Gokul Shopping Centre, Nagar Palika, Colony Riad Behind Roadways Bus Stand, Chittorgarh-312001",312001,24.8851911,74.6246716
TVS Credit,Telangana,Warangal,None,"TVS CREDIT SERVICES LIMITED FOURTH FLOOR 2-1-583/1/2 KUC-X- ROAD,NAIMNAGAR , HANAMKONDA WARANGAL,Telangana-506001 India",506001,18.0210839,79.5632224
TVS Credit,Uttar Pradesh,Gorakhpur,None,"TVS CREDIT SERVICES LIMITED PRASHANT TOWER FIRST FLOOR T.P NAGAR GORAKHPUR,Uttar Pradesh-273016 India",273016,26.7337316,83.35795159999999
TVS Credit,Haryana,Karnal,None,"TVS CREDIT SERVICES LIMITED FIRST FLOOR 408,MUGHAL KANALKARNAL,Haryana-132001 India",132001,29.692562,76.9955262
TVS Credit,Bihar,Patna,None,"TVS CREDIT SERVICES LIMITED SECOND FLOOR SHREE SADAN HOUSENO 9 PATLIPUTRA COLONYPATNA,Bihar-800013 India",800013,25.6207652,85.1091775
TVS Credit,Gujarat,Ahamedabad,None,"TVS CREDIT SERVICES LIMITED 4TH FLOOR , DOOR NO: 401,402,403 BROOKLYN TOWER, NEAR YMCA CLUB, S.G HIGHWAY AHAMEDABAD,Gujarat-380015 India",380015,23.0038864,72.5008309
TVS Credit,Chhattisgarh,Raipur,None,"TVS CREDIT SERVICES LIMITED THIRD FLOOR NO: 501, CITY PLAZA INFRONT OF MARUTI BUSINESS PARK GE ROADRAIPUR,Chhattisgarh-492001 India",492001,21.2329892,81.65829939999999
TVS Credit,Telangana,Nizamabad,None,"TVS CREDIT SERVICES LIMITED FIRST FLOOR 5-6, 568/5, PRAGATHI NAGAR HYDERABAD ROAD, BESIDE HOTEL NIKHIL SAI INTERNATIONAL NIZAMABAD,Telangana-503001 India",503001,18.6693532,78.0823084
TVS Credit,Telangana,Karim Nagar,None,"TVS CREDIT SERVICES LIMITED DOOR NO 8-6-301/17,AUTO NAGARBYE PASS ROADKARIM NAGAR,Telangana-505001 India",505001,18.4355341,79.1435645
TVS Credit,Tamil Nadu,Nolambur,None,TVS CREDIT SERVICES LIMITED N/A,,,
TVS Credit,Gujarat,Anand,None,"TVS CREDIT SERVICES LIMITED Ashwamegh Compelex , Above Kotak Bank , Sardar Ganj Road , Anand - 388001",388001,22.5542427,72.9605932
TVS Credit,Maharashtra,Satara,None,"TVS CREDIT SERVICES LIMITED TVS Credit Services Ltd. , 283/1A Plot No. 29/1 City Business Center , Satara 41500`",,17.688671,74.005667
TVS Credit,Andhra Pradesh,Vishakapattinam,None,"TVS CREDIT SERVICES LIMITED THIRD FLOORD.NO,48/8/16, NO 670V SPACE APRT , PN 227B,BLK 23, SRINAGAR COLONY , DWARAKA NAGAR VISHAKAPATTINAM, Andhra Pradesh -530016 India",530016,17.7254148,83.30853479999999
TVS Credit,Maharashtra,Nanded,None,"TVS CREDIT SERVICES LIMITED SECOND FLOORBALAJI TOWERVIP ROADNANDED,Maharashtra-431605 India",431605,19.1689574,77.3059363
TVS Credit,Karnataka,Bengaluru,None,"TVS CREDIT SERVICES LIMITED Woodys 17th, 2nd floor, No 45, 1/1, 1st Cross Rd, Marenahalli, Rd, J. P. Nagar, Bengaluru, Karnataka 560078",560078,12.88723,77.582177
TVS Credit,Telangana,Hyderabad,None,"TVS CREDIT SERVICES LIMITED FOURTH FLOOR RBV BUILDING , BEARING MUNICIPAL NO. 11-13-194/1/C/4NEAR TELEPHONE COLONY KHAMAN, KOTHAPET , SAROOR NAGAR MANDAL, AUTONAGAR HYDERABAD,Telangana-500035 India",500035,17.3680944,78.54784029999999
TVS Credit,Tamil Nadu,Tambaram,None,TVS CREDIT SERVICES LIMITED N/A,,,
TVS Credit,Tamil Nadu,Sankari,None,"TVS CREDIT SERVICES LIMITED GROUND FLOOR No: 1.17.12B6, SRI BALAJI CITYTIRUCHENGODE ROADSANKARI,Tamil Nadu-637301 India",637301,11.4710783,77.9971479
TVS Credit,Karnataka,Bijapura,None,"TVS CREDIT SERVICES LIMITED 1st Floor, Site No.619, Building No.28084/215, Opp To Nri Hotel, Station Road, Bijapura(Vijayapura). 586104",586104,16.8267738,75.7344199
TVS Credit,Madhya Pradesh,Rewa,None,"TVS CREDIT SERVICES LIMITED FIRST FLOOR, PLOT NO: 3/15/81C , DOOR NO: 13/753BARA SAMANNEHRU NAGARREWA,Madhya Pradesh-486001 India",486001,24.5450146,81.2849169
TVS Credit,Maharashtra,Navi Mumbai,None,"TVS CREDIT SERVICES LIMITED SEVENTH FLOOR PLOT NO: 2 , OFFICE NO: 702, SECTOR 19D, AMBIENCE COURTVASHINAVI MUMBAI,Maharashtra-400703 India",400703,19.0859073,73.0091185
TVS Credit,Maharashtra,Aurangabad,None,"TVS CREDIT SERVICES LIMITED FIRST FLOOR PLOT NO 35 , SHOP NO 9 & 10, N3,CIDCONEAR MANSI HOTEL AURANGABAD,Maharashtra-431001 India",431001,19.8760122,75.3283622
TVS Credit,Uttar Pradesh,Bareilly,None,"TVS CREDIT SERVICES LIMITED FIRST FLOOR, MANDAKINI TOWER BUILDING CIVIL LINESOPPOSITE DM RESIDENCE BAREILLY,Uttar Pradesh-243001 India",243001,28.336572,79.4197497
TVS Credit,Karnataka,Kolar,None,"TVS CREDIT SERVICES LIMITED 1st Floor, No.12-1-504-28, Near Sharaj Scans, Katari Palya Road, Doomlight Circle, Kolar - 563101",563101,13.130219,78.1314189
TVS Credit,Rajasthan,Nagaur,None,"TVS CREDIT SERVICES LIMITED SECOND FLOOR , ASHIRWAD TOWER VIJAY VALLABH CHOWKOUTSIDE DELHI GATENAGAUR,  Rajasthan-341001 India",341001,27.1723377,73.7242486
TVS Credit,Tamil Nadu,Salem,None,"TVS CREDIT SERVICES LIMITED SHARPTRONICS COMPLEXNEW 254 , OLD NO 115 , B/1A ,IV FLOOR ,OMALUR MAIN ROADOPP TO TVS & SONS LTDSALEM,Tamil Nadu-636004 India",636004,11.6657086,78.1447819
TVS Credit,Kerala,Calicut,None,"TVS CREDIT SERVICES LIMITED THIRD  FLOOR SHOP NO: 13/3000 D5 AND D6VICTORY HEIGHT BUILDING , SIGNAL JUNCTION , MALAPARAMBA CALICUT,Kerala-673009 India",673009,11.285678,75.8114528
TVS Credit,Rajasthan,Kota,None,"TVS CREDIT SERVICES LIMITED SECOND FLOOR 2K 33 VIGYAN NAGARFRONT PARTJHALAWAR MAIN ROADKOTA,Rajasthan-324007 India",324007,25.1539895,75.8532927
TVS Credit,Karnataka,Bengaluru,None,"TVS CREDIT SERVICES LIMITED SY.NO.110/1, SIXTH FLOOR VALENCE BLOCK, PRESTIGE TECHOLOGY PARK IIIAMANE BALLANDUR KHANE VILLAGE, VARTHUR HOBLI MARATHAHALLI RING ROAD BENGALURU,Karnataka-560103 India",560103,12.9329898,77.6883564
TVS Credit,Gujarat,Rajkot,None,"TVS CREDIT SERVICES LIMITED THIRD FLOOR STERLING PALZA, 150FT RING ROAD,NEAR INDIRA CIRCLEOPP: RAJ BANK RAJKOT,Gujarat-360005 India",360005,22.2901051,70.7709785
TVS Credit,Madhya Pradesh,Indore,None,"TVS CREDIT SERVICES LIMITED SECOND FLOOR 206-207 ,SATGURU PARINAY OPP C21 MALLAB ROADINDORE,Madhya Pradesh-452001 India",452001,22.7445192,75.89193600000002
TVS Credit,Punjab,Ludhiana,None,"TVS CREDIT SERVICES LIMITED FOURTH FLOOR SCO 13 , SHANGHAI TOWERS ADJACENT SWANI MOTORSFIROZ GANDHI MARKETLUDHIANA,Punjab-141001 India",141001,30.9002785,75.8336947
TVS Credit,Bihar,Muzaffarpur,None,"TVS CREDIT SERVICES LIMITED SECOND FLOOR DAYA COMPLEX , KAAMBAGH ROADAGHORIA BAZARMUZAFFARPUR,Bihar-842002 India",842002,26.1078646,85.3876945
TVS Credit,Telangana,Hyderabad,None,"TVS CREDIT SERVICES LIMITED ELEVEN FLOOR , T-19  TOWERS BUILDING MUNICIPAL NO: 5-4-156/157/173 to 184,INDIRA NAGAR, GINWALA COMPUND M.G ROAD , RANI GUNJ HYDERABAD,Telangana-500003 India",500003,17.432269,78.4884223
TVS Credit,Tamil Nadu,Selaiyur,None,TVS CREDIT SERVICES LIMITED N/A,,,
TVS Credit,Madhya Pradesh,Ratlam,None,"TVS CREDIT SERVICES LIMITED SECOND FLOORRATLAM PLAZANEW ROADRATLAM,Madhya Pradesh-457001 India",457001,23.2639863,74.92087719999999
TVS Credit,Jharkhand,Ranchi,None,"TVS CREDIT SERVICES LIMITED FIRST & SECOND FLOOR MIG HOUSE NO M-20HARMU HOUSE COLONY PS-ARGORARANCHI,Jharkhand-834002 India",834002,23.3503326,85.29539530000001
TVS Credit,West Bengal,Durgapur,None,"TVS CREDIT SERVICES LIMITED THIRD FLOORRELIANCE TRENDS BUILDING BENGAL AMBUJICITY CENTERDURGAPUR,West Bengal-713216 India",713216,23.5395305,87.3043706
TVS Credit,Telangana,Hyderabad,None,"TVS CREDIT SERVICES LIMITED THIRD FLOOR CVK PARK SQUARE SAROJINI DEVI ROAD HYDERABAD,Telangana-500003 India",500003,17.4417537,78.4898247
TVS Credit,Andhra Pradesh,Nellore,None,"TVS CREDIT SERVICES LIMITED SECOND FLOOR PLOT NO: 492ND STREET, SBI COLONYA.K NAGARNELLORE,Andhra Pradesh-524003 India",524003,14.4322445,79.9939327
TVS Credit,Karnataka,Davanagere,None,"TVS CREDIT SERVICES LIMITED 1st Floor, Khadi Siddappa Arcade, No.450/1,2,3,4A, Lawyers Road, Kb Extension, Kuvempu Road, Davanagere-577002",577002,14.4638324,75.924685
TVS Credit,Kerala,Palakkad,None,"TVS CREDIT SERVICES LIMITED FIRST FLOORLEELA ARCADEMATHA KOIL STREETSULTHANPETPALAKKAD,Kerala-678001 India",678001,10.7730163,76.6597474
TVS Credit,Uttar Pradesh,Kanpur,None,"TVS CREDIT SERVICES LIMITED SIXTH FLOOR NO-612-613, CITY CENTRETHE MALL ROADKANPUR,Uttar Pradesh-208001 India",208001,26.4602037,80.35992019999999
TVS Credit,Tamil Nadu,Pollachi,None,"TVS CREDIT SERVICES LIMITED FIRST FLOOR SRI  KRISHNA PLAZA KOVAI ROADOPP. FIRE SERVICE STATION POLLACHI,Tamil Nadu-642001 India",642001,11.0073353,76.95183089999999
TVS Credit,Delhi,New Delhi,None,"TVS CREDIT SERVICES LIMITED GROUND FLOOR, BP-24, RING ROAD, LAJPAT NAGAR PART-IV, NEW DELHI,Delhi-110024 India",110024,28.564902,77.246214
TVS Credit,Assam,Guwahati,None,"TVS CREDIT SERVICES LIMITED FIRST FLOOR NO: 563 SOOD VILLA, CHRISTIAN BASTI, G.S ROADOpp., KAMAKHA TOWERGUWAHATI,Assam-781005 India",781005,26.1550127,91.7792341
TVS Credit,Tamil Nadu,Vellore,None,"TVS CREDIT SERVICES LIMITED FIRST FLOOR SF No. 3057, NEW BYEPASS ROADNEAR CHENNAI SILKS VELLORE,Tamil Nadu-632012 India",632012,13.0843007,80.2704622
TVS Credit,Tamil Nadu,Chennai,None,"TVS CREDIT SERVICES LIMITED GROUND FLOORNO: 1B MEDAVAKKAM MAIN ROAD CHENNAI,Tamil Nadu-600091 India",600091,12.976043,80.193101
TVS Credit,Punjab,Zirakpur,None,"TVS CREDIT SERVICES LIMITED SECOND FLOOR S.C.O. No. 203,GREEN LOTUS AVENUE, SINGHPURAS.A.S NAGAR DISTRICT ZIRAKPUR,Punjab-140603 India",140603,30.62993549999999,76.822978
TVS Credit,Telangana,Mahabub Nagar,None,"TVS CREDIT SERVICES LIMITED SECOND FLOOR NO-1-4-134/18/2/A1 METTU GADDA MAHABUB NAGAR,Telangana-509001 India",509001,16.7502926,78.0159712
TVS Credit,Maharashtra,Nashik,None,"TVS CREDIT SERVICES LIMITED FOURTH FLOOR PADMA VISHWA REGENCYNEAR KURIE MANVATA CANCER HOSPITALBEHIND SAROJ TRAVELS , MUMBAI NAKA, NASHIK,Maharashtra-422001 India",422001,19.9897742,73.7831022
TVS Credit,Tamil Nadu,Pudukkottai,None,"TVS CREDIT SERVICES LIMITED 1st Floor Block No:75, TS.No: 5592P, 5593P, New TS No: 5592/1,5593/2, South Fourth Street Pudukkottai - 622001",622001,10.3791346,78.82388929999999
TVS Credit,Tamil Nadu,Pammal,None,TVS CREDIT SERVICES LIMITED N/A,,,
TVS Credit,Gujarat,Vadodara,None,"TVS CREDIT SERVICES LIMITED 4th floor No.402 situated at Pancham Plus, Old Padra Rd, near Tube Company, Anupam Nagar, Sahkar Nagar, Tandalja, Vadodara, Gujarat- 390012, India",390012,22.2952053,73.1644939
TVS Credit,Andhra Pradesh,Anantapur,None,"TVS CREDIT SERVICES LIMITED GROUND FLOOR D-6-32-2,JOJODE GANGA PLAZABELLARY ROADNEAR IOL PETROL PUMPANANTAPUR,Andhra Pradesh-515004 India",515004,14.6848399,77.5855286
TVS Credit,Rajasthan,Alwar,None,"TVS CREDIT SERVICES LIMITED FIRST FLOORPLOT NO 4 , TEJMANDISTATION ROADALWAR,Rajasthan -301001 India",301001,27.4966161,76.5025742
TVS Credit,Tamil Nadu,Chennai,None,"TVS CREDIT SERVICES LIMITED II & III & SEVENTH  FLOOR BRISTOL TOWERS10 SOUTH PHASE , THIRU VI KA INDUSTRIAL ESTATEGUINDYCHENNAI,Tamil Nadu-600032 India",600032,13.0155882,80.20119129999999
TVS Credit,Karnataka,Belagavi,None,"TVS CREDIT SERVICES LIMITED 2nd Floor, Plot No.2325 Cts No.9461 Sector No.11, Opp. Indian Oil Petrol Pump, Mahantesh Nagar, Belagavi-590016",590016,15.8734745,74.5350423
TVS Credit,Karnataka,Shimoga,None,"TVS CREDIT SERVICES LIMITED THIRD FLOOR SRI KARTHIK PLAZADURGIGUDI SHIMOGA,Karnataka-577201 India",577201,13.9344968,75.5720367
TVS Credit,Kerala,Kollam,None,"TVS CREDIT SERVICES LIMITED SECOND FLOOR SOUPARNIKA BUILDING ASRAMAM ROADKADAPPAKADAKOLLAM,Kerala-691008 India",691008,8.8901822,76.604676
TVS Credit,Maharashtra,Nagpur,None,"TVS CREDIT SERVICES LIMITED FIRST FLOOR SHREE VIHARPLOT NO 345A , AZAD NAGARGANDHI NAGARNAGPUR,Maharashtra-440010 India",440010,21.1361559,79.05418399999999
TVS Credit,Tamil Nadu,Chennai,None,"TVS CREDIT SERVICES LIMITED 1<sup>st</sup>,2<sup>nd</sup>,3<sup>rd</sup>,4<sup>th</sup> Floor JAYALAKSHMI ESTATES29 HADDOWS ROAD CHENNAI,Tamil Nadu-600006 India",600006,13.0635924,80.2477238
TVS Credit,Haryana,Gurgaon,None,"TVS CREDIT SERVICES LIMITED SEVENTH FLOOR, INDIQUBE UCP, SECTOR 39 GURGAON, Haryana - 122002 India",122002,28.4433079,77.0561005
TVS Credit,Gujarat,Surat,None,"TVS CREDIT SERVICES LIMITED THIRD FLOOR NO:308 HELIOSGALAXY CIRCLE SURAT,Gujarat-395009 India",395009,21.1901678,72.7789487
TVS Credit,Tamil Nadu,Chennai,None,"TVS CREDIT SERVICES LIMITED No. 2/10, POONAMMALLEE MAIN ROAD, IYYAPPANTHANGAL, CHENNAI, Tamil Nadu - 600056 India",600056,13.0155882,80.20119129999999
TVS Credit,Karnataka,Rajajinagar,None,"TVS CREDIT SERVICES LIMITED SECOND FLOOR NO: 626, JP ICON DR. RAJKUMAR ROAD,2ND BLOCK RAJAJINAGAR, Karnataka-560010 India",560010,12.9941518,77.55551849999999
TVS Credit,Uttar Pradesh,Noida,None,"TVS CREDIT SERVICES LIMITED AWFIS  , THIRD FLOORA110, ABLOCK , SECTOR 4 , MAJESTIC OMNIA, NOIDA,Uttar Pradesh-201301 India",201301,28.5818779,77.3233545
TVS Credit,Uttar Pradesh,Varanasi,None,"TVS CREDIT SERVICES LIMITED FIRST FLOOR RAJ TVS SHOW ROOMSHIVPUR BYPASS, AIRPORT ROAD,VARANASI,Uttar Pradesh-221003 India",221003,25.3593742,82.9584004
TVS Credit,Madhya Pradesh,Betul,None,"TVS CREDIT SERVICES LIMITED SECOND FLOOR KRISHNA COMPLEX GURUDWARA ROADGANJBETUL,Madhya Pradesh-460001 India",460001,21.8987513,77.9021668
TVS Credit,Tamil Nadu,Erode,None,"TVS CREDIT SERVICES LIMITED SECOND FLOOR S.F NO: 135, DOOR NO : 149,NORTH SIDE PORTION, CHENNIAPPA COMPLEX , SURAMPATTI VILLAGE, PERUNDURAI ROAD, ERODE,Tamil Nadu-638011 India",638011,11.3350249,77.707897
TVS Credit,Tamil Nadu,Thiruvananamalai,None,"TVS CREDIT SERVICES LIMITED TVS Credit Services Ltd, 31/3-A, 1st Floor, Avalurpet Main Road, Krishna Nagar, Tiruvannamalai-606601",606601,12.2252841,79.07469569999999
TVS Credit,Odisha,Sambalpur,None,"TVS CREDIT SERVICES LIMITED FIRST FLOORA JAYA BHAVAN, AINTHAPALLIBACK-SIDE OF TATA NAGAR PETROL PUMP SAMBALPUR,Odisha-768004 India",768004,21.4893754,83.9823627
TVS Credit,Karnataka,Gulbarga,None,"TVS CREDIT SERVICES LIMITED FIRST FLOOR 1-53/T12- 1 &2 ASIAN BUSINESS CENTRESP OFFICE ROADGULBARGA,Karnataka-585101 India",585101,17.3530303,76.8201976
TVS Credit,West Bengal,Kolkata,None,"TVS CREDIT SERVICES LIMITED SECOND FLOOR104/1 A SARAT BOSE ROAD, DEBANGAN BUILDING NEAR - SISHU MANGAL HOSPITALKOLKATA,West Bengal-700026 India",700026,22.5247601,88.3528486
TVS Credit,Tamil Nadu,Madurai,None,"TVS CREDIT SERVICES LIMITED No 74 IV FLOOR , ADR TOWERSKALAVASALMADURAI,Tamil Nadu-625016 India",625016,9.9306397,78.0946415
TVS Credit,Maharashtra,Kolhapur,None,"TVS CREDIT SERVICES LIMITED FIRST FLOOR GIRISH GUNDOPANT GOTEH NO: 1885/B, RAJARAMOURI 9TH LANE,OPP: OMEGA HOTEL KOLHAPUR,Maharashtra-416008 India",416008,16.6938416,74.2457238
TVS Credit,Rajasthan,Bikaner,None,"TVS CREDIT SERVICES LIMITED THIRD FLOOR JSR BUILDING PBM HOSPITAL ROADNEAR AMBEDKAR CIRCLEBIKANER,Rajasthan-334001 India",334001,28.0122654,73.3226334
TVS Credit,Rajasthan,Jodhpur,None,"TVS CREDIT SERVICES LIMITED SECOND FLOOR THE RAJ, 5TH UPPER CHOPASNI ROADOLD KOHINOOR CINEMA CIRCLE JODHPUR,Rajasthan-342003 India",342003,26.2817694,73.0042234
TVS Credit,Madhya Pradesh,Jabalpur,None,"TVS CREDIT SERVICES LIMITED THIRD FLOORNO 1170 , SHIV MULA TOWER WRIGHT TOWNJABALPUR,Madhya Pradesh-482002 India",482002,23.1653779,79.9246138
TVS Credit,Andhra Pradesh,Rajahmundry,None,"TVS CREDIT SERVICES LIMITED SECOND FLOOR NO: 79-2-10/1TILAK ROADRAJAHMUNDRY,Andhra Pradesh-533103 India",533103,17.0048735,81.79100500000001
TVS Credit,Tamil Nadu,Chennai,None,"TVS CREDIT SERVICES LIMITED NO: 11/330 PERUMBAKKAM MAIN ROADNEXT TO CENARA BANK, OPP: ARUN HOSPITALMEDAVAKKAMCHENNAI,Tamil Nadu-600100 India",600100,12.9128929,80.1951988
TVS Credit,Tamil Nadu,Kumbakonam,None,"TVS CREDIT SERVICES LIMITED 32 TOWN HALL ROAD UPSTAIRS STATE BANK OF TRAVANCORE KUMBAKONAM,Tamil Nadu-612001 India",612001,10.9620625,79.378143
TVS Credit,Madhya Pradesh,Guna,None,"TVS CREDIT SERVICES LIMITED FIRST FLOOR ROYAL HEIGHTSA B ROADIN FRONT OF HDFC BANKGUNA,Madhya Pradesh-473001 India",473001,,
TVS Credit,Karnataka,Hubli,None,"TVS CREDIT SERVICES LIMITED FIRST FLOOR STELLAR MALLDHARWAD ROADDBASIDE JGCC COLLEGE ,VIDYA NAGAR,HUBLI,Karnataka-580021 India",580021,15.3595612,75.12706419999999
TVS Credit,Rajasthan,Bhilwara,None,"TVS CREDIT SERVICES LIMITED SECOND FLOOR GAURAV TOWERBSL ROAD GANDHI NAGAR BHILWARA,Rajasthan-311001 India",311001,25.3486606,74.6190029
TVS Credit,Rajasthan,Ajmer,None,"TVS CREDIT SERVICES LIMITED FIRST FLOOR AMC NO-235/12,HOTEL SIDDHARTH BUILDING , OPPOSITE CITY POWERHOUSEJAIPUR ROAD AJMER,Rajasthan-305001 India",305001,26.4640763,74.6315944
TVS Credit,Karnataka,Hospet,None,"TVS CREDIT SERVICES LIMITED FIRST FLOOR, NO: 5922ND WARD, JP NAGARBELLARY ROAD HOSPET,Karnataka-583201 India",583201,15.2652277,76.3982166
TVS Credit,Tamil Nadu,Tirunelveli,None,"TVS CREDIT SERVICES LIMITED THIRD  FLOOR NO:1A/3B, MAYAN ARCADESTC COLLEGE , 60 FEET ROADNGO 'B' COLONYTIRUNELVELI,Tamil Nadu-627007 India",627007,8.6996576,77.73203079999999
TVS Credit,Andhra Pradesh,Tirupathi,None,"TVS CREDIT SERVICES LIMITED DOOR NO:  8-161/A, PLOT NO:  5, 3RD FLOOR, ISHITHA TOWERS,  NEW  BALAJI  COLONY ,OPP TO ICICI BANK TIRUPATHI,Andhra Pradesh-517501 India",517501,13.6219256,79.4110403
TVS Credit,Kerala,Ernakulam,None,"TVS CREDIT SERVICES LIMITED SECOND FLOOR MAMSON ARCADE KALOOR JUNCTION OPP LENIN CENTRE ERNAKULAM,Kerala-682017 India",682017,9.9957434,76.2934815
TVS Credit,Maharashtra,Solapur,None,"TVS CREDIT SERVICES LIMITED SECOND FLOOR SADHANA COMPLEX NO: 8507/1D, MUNCIPAL NO: 120-AMURARJI PETHSOLAPUR,Maharashtra-413001 India",413001,17.6730444,75.90712719999999
TVS Credit,Uttarakhand,Dehradun,None,"TVS CREDIT SERVICES LIMITED GROUND FLOOR , ANKUR TOWERS166 RAJPUR ROADDEHRADUN,Uttarakhand-248001 India",248001,30.3390767,78.05724169999999
TVS Credit,Tamil Nadu,Villupuram,None,"TVS CREDIT SERVICES LIMITED FIRST FLOORN0: 38A S.F NO: 204/B2MAMBAZHAPATTU ROAD, VILLUPURAM,Tamil Nadu-605302 India",605302,11.9559173,79.37237069999999
TVS Credit,Rajasthan,Jaipur,None,"TVS CREDIT SERVICES LIMITED PLOT NO 5, FIRST FLOOR MAHIMA'S TRINITY "" SWAGE FARM NEW SANGANER ROAD, NEAR VIVEK VIHAR METRO STATION JAIPUR,Rajasthan-302019 India",302019,26.8903376,75.771942
TVS Credit,Uttar Pradesh,Agra,None,"TVS CREDIT SERVICES LIMITED 103 THIRD FLOOR PADAM BUSINESS PARKPLOT NO INS-1 SECTOR -12 AAWAS VIKAS , SIKANDARA  YOJANAAGRA,Uttar Pradesh-282007 India",282007,27.205594,77.9734478
TVS Credit,Uttar Pradesh,Allahabad,None,"TVS CREDIT SERVICES LIMITED FIRST FLOOR NO-14/16, LIDDLE ROADGEORGE TOWN ALLAHABAD,Uttar Pradesh-211002 India",211002,25.449628,81.8594765
TVS Credit,Rajasthan,Tonk,None,"TVS CREDIT SERVICES LIMITED Plot No.3, Infront of Shakuntalam hotel, NH 12, Subhash Nagar, Kota Road, Tonk,  Rajasthan-304001",304001,25.7548772,75.3147671
