Bank,State,City,Branch,Address,Pincode,Latitude,Longitude
Tyger Home Finance,Madhya Pradesh,Neemuch,Tyger Capital and Home Finance,"1st Floor, Plot # 220, Teachers Colony, LIC Square, Opp Choridiya Hospital, Neemuch - 458 441",,24.466337,74.869143
Tyger Home Finance,Maharashtra,Barshi,Tyger Capital and Home Finance,"1st Floor, Rana Complex, Survey # 4068/2, Next to ST Bus Stand, Barshi - 413 401",,18.233153,75.697494
Tyger Home Finance,Andhra Pradesh,Tuni,Tyger Capital and Home Finance,"# 8 – 539/94, Shop # 210 – 212,Daralamma Temple,GNT Road,S Annavaram,Tuni",,17.351619,82.529006
Tyger Home Finance,Rajasthan,Phalodi,Tyger Capital and Home Finance,"Plot # 179, 1st Floor, Dhoulabala, Behind Bus Depot. Nagaur Road, Adarsh Nagar, Phalodi –  342 301",,27.127521,72.373085
Tyger Home Finance,Madhya Pradesh,Ashta,Tyger Capital and Home Finance,"2nd Floor, Near Jana Bank, Talkies Circle, Ward # 18, Bhopal Naka to Dharmakanta Middle, Kannod Road, Ashta - 466 116",,23.020965,76.727074
Tyger Home Finance,Tamilnadu,Tirupur,Tyger Capital and Home Finance,"# 66- B, G.G. Towers Road, Kumara Road, Opp Town Hall,  Near Railwaiys Station Tirupura - 641 601",,11.106812,77.341003
Tyger Home Finance,Rajasthan,Balotra,Tyger Capital and Home Finance,"1st Floor, Anand Complex, Khasra # 616, Ward # 2, Padmavati Nagar, Khed Road, Balotra – 344 022",,25.848004,72.250147
Tyger Home Finance,Rajasthan,Bassi,Tyger Capital and Home Finance,"1st floor, prabhu colony, Potlya Market, opp. to Madhuvan marriage garden, Bassi, Rajasthan",,26.838476,76.05252
Tyger Home Finance,Madhya Pradesh,Narsinghpur,Tyger Capital and Home Finance,"Upper Ground Floor, 
Amar Jyoti Complex, 
Sakal Tiraha, Aazad Ward,
Kandeli, Narsinghpur, MP - 487001",487001,22.94871,79.19804
Tyger Home Finance,Rajasthan,Anupgarh,Tyger Capital and Home Finance,"2nd Floor, Warehouse Road, Near Ganesh Mandir, Opp. Public Park,  (Rajasthan), Anupgarh – 335 701",,29.185711,73.205953
Tyger Home Finance,Andhra Pradesh,Visakhapatnam,Tyger Capital and Home Finance,"# 506, 4th Floor, Vinayagar Heights, Sampat Vinayaka Temple Road, Aslimetta, Visakhapatnam – 530 003",,17.724109,83.313475
Tyger Home Finance,Rajasthan,Rajsamand,Tyger Capital and Home Finance,"1st Floor, Building of Bhanwarlal Paliwal, Chamber 02, 100 Feet Road, Bajrang Choraya, Rajnagar road, Dist Rajsamand - 313 324",,25.063996,73.863411
Tyger Home Finance,Karnataka,Channagiri,Tyger Capital and Home Finance,"# 64/60, Katha # 15 – 10 - 96, 1st Floor, Kallusagara Road, Near Bus Stand, Channagiri - 577 213",,14.021232,75.928384
Tyger Home Finance,Andhra Pradesh,Guntakal,Tyger Capital and Home Finance,"# 18/1009 – A/5, 60 ft Road, Opp CPI/M Office, Revenue Ward # 18, Guntakal, 515801",515801,15.161908,77.380505
Tyger Home Finance,Maharashtra,Nashik,Tyger Capital and Home Finance,"Office # 301, Sahyadree Business Park, MICO Circle, Trimbak Road, Nashik - 422 002",,19.993942,73.77218
Tyger Home Finance,Karnataka,Gulbarga,Tyger Capital and Home Finance,"# 3 - 295/TF/1 - 3 & 8 - 10, CTS # 3441/2, Sumadhura Complex, Near Chakkar Katta, Gazipura, Gulbarga (Kalaburagi) – 585 101",,17.336426,76.837435
Tyger Home Finance,Madhya Pradesh,Bhopal,Tyger Capital and Home Finance,"1st Floor, Manya Imperial, Plot # 04, ISBT Commercial Campus, Bhopal - 462 026",,23.230986,77.442907
Tyger Home Finance,Telangana,Narayanpet,Tyger Capital and Home Finance,"# 1 – 6 – 41/3/D/1,Satyasai Colony,Opp Shriram Finance,Narayanpet - 509 210",,16.74155,77.501126
Tyger Home Finance,Telangana,Khammam,Tyger Capital and Home Finance,"8 – 3 – 217/218, 4th Floor, Siri Plaza, Above HDFC Bank, Wyra Road, Khammam – 507 002",,17.247453,80.148922
Tyger Home Finance,Karnataka,Bellary,Tyger Capital and Home Finance,"Door # 24/21, 2nd Floor, Gayathri Arcade, Near Bellary Nursing Home, Ananthapur Road, Bellary - 583 101",,15.144219,76.929443
Tyger Home Finance,Andhra Pradesh,Razam,Tyger Capital and Home Finance,"# 15 – 4 - 41,Cheepurupalli Road,Revenue Ward # 8,RajamSrikakulam",,18.446623,83.652794
Tyger Home Finance,Rajasthan,Nokha,Tyger Capital and Home Finance,"Shop # 2, 2nd Floor, Shyam Tower, Bikaner Road, District Bikaner, Nokha – 334 803",,27.560586,73.472278
Tyger Home Finance,Madhya Pradesh,Ratlam,Tyger Capital and Home Finance,"Office # 103, 1st Floor, My Dear, 22, Dr. Rajendra Prasad Marg, Near Govt. Girls College, Do-Batti, Ratlam - 457 001",,23.332189,75.04554
Tyger Home Finance,Maharashtra,Dhule,Tyger Capital and Home Finance,"2nd Floor Sr No. 7308, Madhur complex, Agra Road, Dhule – 424 002",,20.92368,74.776835
Tyger Home Finance,Maharashtra,Bandra BKC,Tyger Capital and Home Finance,"C - 1004/5, One BKC, G - Block, BKC, Bandra (East), Mumbai – 400 051",,19.06034,72.865422
Tyger Home Finance,Telangana,LB Nagar,Tyger Capital and Home Finance,"# 3 – 8 – 418/1, 2nd Floor, Road # 4, Mansoorabad, L B Nagar, Hyderabad – 500 068",,17.34935,78.553
Tyger Home Finance,Karnataka,Tumkur,Tyger Capital and Home Finance,"2nd Floor, Mahalakhmi Center, Opp RTO, BH road,Tumkur - 572 103",,13.335761,77.120913
Tyger Home Finance,Karnataka,Mysore,Tyger Capital and Home Finance,"# 2917, Jeevan Arcade, 5th Cross, New Kantharaj URS Road, Saraswathipuram, Mysore – 570 009",,12.300775,76.63487
Tyger Home Finance,Maharashtra,Jalgaon,Tyger Capital and Home Finance,"Shop # 209, 1st Floor, Plot # 22, “Gangai”, Shikshakwadi, Near Jalgaon Peoples Bank, Ring Road, Jalgaon – 425 001",,21.006514,75.55612
Tyger Home Finance,Rajasthan,Bijainagar,Tyger Capital and Home Finance,"1st Floor, Sitaram Complex, Near JMD complex, 27 Mill, Bijaynagar - Beawar Road, District Ajmer, Bijaynagar – 305 624",,25.927715,74.634379
Tyger Home Finance,Rajasthan,Pali,Tyger Capital and Home Finance,"1st Floor, Manoj Motor Complex, 108 - Mahaveer Marg, Near Baba Mastaan, Pali - 306 401",,25.765189,73.325716
Tyger Home Finance,Karnataka,Bangalore - Yelahanka,Tyger Capital and Home Finance,"# 1136, 1st Floor, Yelahanka KHB, B Sector, B1 & B2, Yelahanka New Town, Bangalore – 560 064",,13.094838,77.579958
Tyger Home Finance,Maharashtra,Shrirampur,Tyger Capital and Home Finance,"Shop # 209, 1st Floor, Divine Life Style, Main Road, Shrirampur - 413 709",,19.61543,74.657324
Tyger Home Finance,Karnataka,Belgaum,Tyger Capital and Home Finance,"2nd floor, City Plaza, CTS # 4824/83-B, Kolhapur Circle l, Old PB Road, Above Addishwar Showroom, Belgaum - 590 010",,15.876384,74.514475
Tyger Home Finance,Karnataka,Humnabad,Tyger Capital and Home Finance,"# 22-259/43, 1st Floor, Bulla Complex, Near Gada Petrol Pump, Old NH 9, Gulbarga Main Road, Humnabad – 585 330",,17.773489,77.121334
Tyger Home Finance,Karnataka,Hassan,Tyger Capital and Home Finance,"# 23 – 3 – 543 - 0125 (old # 745), Ground Floor, Sricharana Complex, Rathanna Thota, Above SBI, Hassan - 573 201",,13.001481,76.0996
Tyger Home Finance,Maharashtra,Satara,Tyger Capital and Home Finance,"Hall # 7, 2nd Floor, Sai Shakti Building, Plot # 93, Visawa Naka, Satara - 415 001",,17.686446,74.023229
Tyger Home Finance,Telangana,Nalgonda,Tyger Capital and Home Finance,"# 5 – 4 - 65, 2nd Floor, BGR Complex, Plot # 17 – 21 & 26 - 30, Church Compound,  Above Central Bank of India, Nalgonda – 508 001",,17.056644,79.269141
Tyger Home Finance,Rajasthan,Neem Ka Thana,Tyger Capital and Home Finance,"Shop # 2, Ground Floor, Near Court, Chawani, Kotputli Road, Dist Sikar, Neem Ka Thana - 332 713",,27.741863,75.807681
Tyger Home Finance,Rajasthan,Jaipur - Vaishali Nagar,Tyger Capital and Home Finance,"3rd Floor, Plot # B - 2/18, Gandhi Path, Chitrakoot Scheme, Vaishali Nagar, Jaipur - 302 021",,26.905738,75.734609
Tyger Home Finance,Andhra Pradesh,Kakinada,Tyger Capital and Home Finance,"Door # 13 – 2 – 24/1, 2nd Floor, Latchiraju Vari Street, Suryaraopet, Kakinada – 533 001",,16.957815,82.236248
Tyger Home Finance,Madhya Pradesh,Dhar,Tyger Capital and Home Finance,"Plot # 21-22, First Floor, Kashi Bagh Colony, Adarsh Road, Above RBL Bank, Indore Road, Dhar – 454 001",,22.602561,75.310527
Tyger Home Finance,Rajasthan,Beawar,Tyger Capital and Home Finance,"Shop # 20, 1st Floor, Shastri Market, Near Bhagat Chouraha, Dist - Ajmer, Beawar - 305 901",,26.105359,74.31965
Tyger Home Finance,Rajasthan,Kotputli,Tyger Capital and Home Finance,"1st Floor, Above Punjab National Bank, Opposite Krishna Talkies, Mohalla Bashari, Kotputli - 303 108",,27.707559,76.198902
Tyger Home Finance,Andhra Pradesh,Yemmiganur,Tyger Capital and Home Finance,"# 1/471 – 1, Basaveshwara Complex, Opp Mini Siva Theatre, Adoni Bypass Road, Gandi Nagar, Yemmiganur, Kurnool.",,15.762441,77.479014
Tyger Home Finance,Tamilnadu,Thiruvannamalai,Tyger Capital and Home Finance,"# 60 B, 2nd Floor, Mathalangulam,Thiruvnannamalai",,12.237556,79.073183
Tyger Home Finance,Rajasthan,Churu,Tyger Capital and Home Finance,"1st Floor, Financial Tower, Plot # A - 35, Sainik Basti, Pankha Circle Road, Churu - 331 001",,28.296999,74.953853
Tyger Home Finance,Madhya Pradesh,Pithampur,Tyger Capital and Home Finance,"# 40, Block E, 2nd Floor, Sudarshan Complex, Mhow - Neemuch Road, Sector 1, Pithampur - 454 775",,22.606738,75.685811
Tyger Home Finance,Maharashtra,Pune - Wagholi,Tyger Capital and Home Finance,"Gate # 559/1, Shop # A, ""OXY PROMO"", Bakori Phata, Wagholi, Pune - 412 207",,18.590457,73.997279
Tyger Home Finance,Telangana,Korutla,Tyger Capital and Home Finance,"# 1 – 4 – 253, 1st Floor, Adarsha Motor Credit Limited Building, Above Sri Bhavani TVS Showroom, Metpalli Road, Korutla – 505 326",,18.824643,78.706495
Tyger Home Finance,Rajasthan,Nagaur New,Tyger Capital and Home Finance,"Second Floor, Hardeen Complex, Opp. Mahila Police Station, Nakkas Gate, Station Road, Nagaur – 341 001,",,27.200168,73.730407
Tyger Home Finance,Rajasthan,Kuchaman,Tyger Capital and Home Finance,"Ground Floor, Station Road, Near Kuchaman College, Dist. Nagaur, Kuchaman - 341 508",,27.136594,74.853694
Tyger Home Finance,Andhra Pradesh,Vizianagaram,Tyger Capital and Home Finance,"# 20 – 18/1 - 36, 1st Floor, Sreeramnagar Colony, Near 100 ft Ring Road Junction, Dharmapuri Road, Vizianagaram – 533 002",,18.102791,83.410338
Tyger Home Finance,Telangana,Karimnagar,Tyger Capital and Home Finance,"# 8 – 7 - 331/1, 1st Floor, Maheshwari Towers, Ganesh Nagar Main Road, Kaman Circle - Hyderabad Road, Karimnagar – 505 001",,18.422133,79.135863
Tyger Home Finance,Rajasthan,Sri Ganganagar,Tyger Capital and Home Finance,"2nd Floor,  Melody House, 25-A, Public Park, Sri Gangangar - 335 001",,29.927325,73.870891
Tyger Home Finance,Maharashtra,Lingsugur,Tyger Capital and Home Finance,"Door # 2-12-1/2, 1st Floor, Raichur Main Road, Near Indian Oil Petrol Pump, Lingsugur – 584 122",,16.155437,76.528764
Tyger Home Finance,Maharashtra,Sangli,Tyger Capital and Home Finance,"Office # 3, 1st Floor, Royal Tower, North Shivaji Nagar, Opp. G A College, Sangli Miraj Kupwad, Sangli – 416 416",,16.861289,74.577045
Tyger Home Finance,Telangana,Warangal,Tyger Capital and Home Finance,"House # 15 – 1 – 237 (Part), Shop # 13 & 14, 3rd Floor, Warangal City Centre, Industrial Park, Warangal – 506 002",,18.000031,79.584787
Tyger Home Finance,Gujarat,Junagadh,Tyger Capital and Home Finance,"Shop # 209, 2nd Floor, Orbit Plaza, Near Bharat Petrol Pump, Zanzarda Road, Junagadh – 362 001",,21.49762,70.40801
Tyger Home Finance,Madhya Pradesh,Shivpuri,Tyger Capital and Home Finance,"1st Floor, Sarita Complex, Infront of Kothi # 12, Kalar Baug, A.B Road, Shivpuri – 473 551",,25.436131,77.660842
Tyger Home Finance,Maharashtra,Pune - PCMC,Tyger Capital and Home Finance,"Unit # 415 & 415 - A, 4th Floor, Brahma Sky Uzuri, MIDC, Pimpri Colony, Pimpri - Chinchwad, Pune - 411 018",,18.626849,73.804351
Tyger Home Finance,Uttar Pradesh,Noida,Tyger Capital and Home Finance,"Plot # D - 9, Vyapar Marg, Sector 3, Noida – 201 301",,28.583081,77.318961
Tyger Home Finance,Karnataka,Hospet,Tyger Capital and Home Finance,"# 103/110, Parwaz Plaza, 2nd Floor, 11th Ward, Tirumala Nagar, College Road, Hospet – 583 201",,15.275293,76.383006
Tyger Home Finance,Rajasthan,Didwana,Tyger Capital and Home Finance,"First Floor, Pratham Empire, Above AU Small Finance, Lalbagh Colony, Adrash Nagar, Didwana – 341 303",,27.40128,74.569229
Tyger Home Finance,Karnataka,Hubli,Tyger Capital and Home Finance,"# 77, 77/1, 78 & 79/A, 2nd Floor, V A Kalburgi Square, Desai Cross, Deshpande Nagar, Hubli - 580 023",,15.355268,75.14115
Tyger Home Finance,Telangana,Siddipet,Tyger Capital and Home Finance,"# H. No. 18 – 19 – 25/E2, KBMS Castle,  Block Office (BJR) Circle, Bhavani Nagar, Siddipet – 502 103.",,18.083805,78.856777
Tyger Home Finance,Telangana,Hyderabad,Tyger Capital and Home Finance,"# 6-3-865, 2nd Floor, MyHome Jupally Complex. Above RBL Bank, Green lands, Ameerpet, Hyderabad – 500 016",,17.435761,78.454035
Tyger Home Finance,Madhya Pradesh,Mandsaur,Tyger Capital and Home Finance,"2nd Floor, Above Samsung Showroom, 16, Opium Office Road, Opp Bank of India, Mandsaur - 458 001",,24.075667,75.069298
Tyger Home Finance,Rajasthan,Ringus - Sri Madhopur Road,Tyger Capital and Home Finance,"Ground Floor, Plot # 2, Laxmi Road, Bhairu Ji Mode, Shri Madhopur Road, (Rajasthan), Ringus – 332 404",,27.369932,75.584184
Tyger Home Finance,Maharashtra,Turbhe,Tyger Capital and Home Finance,"19th Floor, Rupa Renaissance,
Plot # D – 33, D – 207,
MIDC Road, TTC Industrial Area, 
Turbhe,
Navi Mumbai – 400 705",,19.063342,73.028105
Tyger Home Finance,Karnataka,Mudhol,Tyger Capital and Home Finance,"# CTS - 4195, Mallamma Nagar Cross, Near SBI, Above Indian Bank, Mudhol - 587 313",,16.331232,75.285996
Tyger Home Finance,Karnataka,Chamarajanagar,Tyger Capital and Home Finance,"# 8-1-10/29A, Shop # 27 to 31, 1st Floor, Sri Rama Complex, Sampenga Road, Chamarajanagar – 571 313",,11.929693,76.936687
Tyger Home Finance,Telangana,Nizamabad,Tyger Capital and Home Finance,"# 1-1-20, 2nd Floor, R M Complex, Vinayak Nagar, Hyderabad - Nizamabad Road, Nizamabad – 503 003",,18.662021,78.112475
Tyger Home Finance,Rajasthan,Dhorimana,Tyger Capital and Home Finance,"First Floor, N.C Complex, Near HDFC Bank, Sanchore Road, (Rajasthan) Dhorimana – 344 704",,25.20173,71.44232
Tyger Home Finance,Karnataka,Shahapur,Tyger Capital and Home Finance,"# 35-4-134, 1st Floor, B B Road, S B Nagar, Above HDFC Bank, Shahapur, Yadgir Dist - 585 223",,16.706107,76.834571
Tyger Home Finance,Madhya Pradesh,Ashok Nagar,Tyger Capital and Home Finance,"1st Floor Sen Chouraha Vidhisha Bypass Road, Ward No 8, Ganesh Colony, Ashok Nagar Madhya Pradesh 473 331",,24.570334,77.73603
Tyger Home Finance,Madhya Pradesh,Guna,Tyger Capital and Home Finance,"1st Floor, Above Bank of India, A B Road, Guna - 473 001",,24.633162,77.291522
Tyger Home Finance,Rajasthan,Kekri,Tyger Capital and Home Finance,"Shop # 2, Ground Floor, Opp. Reliance Petrol Pump, Ajmer - Kota Road, District Ajmer, Kekri – 305 404",,25.977262,75.141908
Tyger Home Finance,Madhya Pradesh,Sagar,Tyger Capital and Home Finance,"Yadav Complex 2nd Floor, Above Axis Bank,10 Civil Lines, Sagar MP",,23.836079,78.762076
Tyger Home Finance,Andhra Pradesh,Kurnool,Tyger Capital and Home Finance,"# 45/142-70-9-A, 1st Floor, Ashok Nagar, Revenue Ward # 45, Hyderabad Highway Road, Kurnool - 518 003",,15.833037,78.017618
Tyger Home Finance,Karnataka,Hoskote,Tyger Capital and Home Finance,"# 2559, 2nd Floor, HRK Complex, KR Road, JC Circle, Hoskote, Bangalore Rural – 562 114",,13.075798,77.78674
Tyger Home Finance,Andhra Pradesh,Chittoor,Tyger Capital and Home Finance,"# 22-277/1, 1st Floor Tirupati Road, Revenue Ward # 22, Chittor - 517 001",,13.227565,79.109244
Tyger Home Finance,Telangana,Kodad,Tyger Capital and Home Finance,"# 4 – 95/1/5, 3rd Floor, Sri Nagar Colony, Om Namo Narayanaya Building, Kodad – 508 206",,16.995306,79.973249
Tyger Home Finance,Rajasthan,Ratangarh,Tyger Capital and Home Finance,"First Floor, Above Radhey Automobiles, Link Road, Ratangarh (Rajasthan), (Churu) – 331 022",,28.068294,74.613839
Tyger Home Finance,Madhya Pradesh,Chattarpur,Tyger Capital and Home Finance,"2nd Floor, Star Tower, Jawahar Rd, Near Mid-City Hotel, Chhatarpur – 471 001",,24.911388,79.58334
Tyger Home Finance,Maharashtra,Baramati (Pune),Tyger Capital and Home Finance,"Office # 208, 2nd Floor, Arya Paradise 
Wing- A, Tandulwadi Road B,
Baramati Pune - 413 102",,18.166402,74.580738
Tyger Home Finance,Rajasthan,Chirawa,Tyger Capital and Home Finance,"Ground Floor, Vikash Nagar, Pilani Road, Opp Jangid Agro Industries, Dist - Jhunjhunu, Chirawa - 333 026",,28.255323,75.646563
Tyger Home Finance,Maharashtra,Boisar,Tyger Capital and Home Finance,"Office # 204, 2nd Floor, Shivkala Arcade, Above HDFC Bank, Boisar Tarapur Road, Sainath Nagar, Boisar (west), Pin - 401 501",,19.800016,72.759769
Tyger Home Finance,Gujarat,Deesa,Tyger Capital and Home Finance,"Ground Floor, Shreeji Complex, CS # 5266, Sheet # 15, Near Jalaram Bhojnalaya, Deesa Palanpur Main Road, Deesa - 385 535",,24.26328,72.18449
Tyger Home Finance,Andhra Pradesh,Nandyal,Tyger Capital and Home Finance,"2nd Floor, Tekke Road, Near Market Yard, Nandyal - 518 501",,15.478495,78.486661
Tyger Home Finance,Madhya Pradesh,Raisen,Tyger Capital and Home Finance,"2nd Floor, Patandev, Above Maruti Suzuki Showroom, Sagar Road, Raisen - 464 551",,23.328488,77.801939
Tyger Home Finance,Andhra Pradesh,Srikakulam,Tyger Capital and Home Finance,"2nd Floor, Varanasi Krishnamurthy Complex, Survey # 308/1 (old survey # 452), Peddapadu Road, Beside Friend’s Colony, Srikakulam – 532 001",,18.302814,83.91018
Tyger Home Finance,Telangana,Gadwal,Tyger Capital and Home Finance,"# 1-4-2-12, Plot # 12, 1st Floor, Bheem Nagar, Krishaveni Chowk, Gadwal - 509 125",,16.236899,77.804857
Tyger Home Finance,Gujarat,Rajkot,Tyger Capital and Home Finance,"Shop # 227 to 229, 2nd Floor, City Center Mall, Raiya Road, Rajkot – 360 007",,22.299263,70.782911
Tyger Home Finance,Telangana,Kamareddy,Tyger Capital and Home Finance,"# 5 – 3 - 228, 2nd Floor, Ram Chandram Plaza, Opp. Municipal Office, Bus Stand Lane, Kamareddy - 503 111",,18.322814,78.333071
Tyger Home Finance,Rajasthan,Jhalawar,Tyger Capital and Home Finance,"1st Floor, Plot # 9, New Master Colony, Above AYE Finance, Jhalawar - 326 001",,24.577849,76.173938
Tyger Home Finance,Karnataka,Davanagere,Tyger Capital and Home Finance,"# 981 (Old # 410), 1st Floor, “Shankar Sangama” Complex, Ashoka Road, Davanagere – 577 002",,14.464636,75.9222
Tyger Home Finance,Gujarat,Mehsana,Tyger Capital and Home Finance,"Shop # 6 & 7, 2nd Floor, Jigar Complex, Ahmedabad-Patan Highway, Mehsana - 384 002",,23.599195,72.379657
Tyger Home Finance,Rajasthan,Sagwara,Tyger Capital and Home Finance,"Office # 206, Second Floor, Patidar Chhatrawas, Opposite City Kotwali, Bus Stand Road, Gol Chauraha, (Rajasthan), Sagwara – 314 025",,23.667667,74.023116
Tyger Home Finance,Rajasthan,Jodhpur,Tyger Capital and Home Finance,"1st & 2nd Floor, “Mahadev Tower”, Plot # 47, Opp New Kohinoor Cinema, Chopasani Road, Jodhpur - 342 001",,26.277621,72.994834
